 index,budget,keywords,original_language,title,popularity,release_date,revenue,runtime,vote_average,vote_count,genre,release_year,release_month,release_day,first_actor,first_actor_gender,director_first_name,director_gender
3793,4e+06,NA,en,The Velocity of Gary,0.409089,1999-07-16,0,100,4.2,5,Drama,1999,7,16,Vincent D'Onofrio,male,Dan,male
3853,3500000,thriller forensic,en,2:13,1.271621,2009-04-25,0,96,4.6,10,Thriller,2009,4,25,Mark Thompson,male,Charles,male
2476,0,poison prison loss of family loss of father foster parents,en,White Oleander,9.423866,2002-10-11,0,109,7.2,108,Drama,2002,10,11,Alison Lohman,female,Peter,male
491,1.3e+08,gladiator arena gladiator fight lava roman,en,Pompeii,50.561849,2014-02-18,117831631,105,5.2,1267,Drama,2014,2,18,Kit Harington,male,Paul,male
540,7.5e+07,rap music hitman,en,Hollywood Homicide,10.605084,2003-06-09,51142659,116,5,166,Comedy,2003,6,9,Harrison Ford,male,Ron,male
3238,8e+06,california brother sister relationship wife husband relationship family's daily life oscar award,en,Little Miss Sunshine,14.793177,2006-07-26,100523181,102,7.5,1686,Drama,2006,7,26,Greg Kinnear,male,Jonathan,male
306,1e+08,alien life-form dinosaur primate duringcreditsstinger,en,Land of the Lost,19.38841,2009-06-05,68688831,102,5.3,381,Comedy,2009,6,5,Will Ferrell,male,Brad,male
1594,4e+07,shyness england cheating old town grave,en,Corpse Bride,43.571612,2005-09-09,117195061,77,7.2,1894,Romance,2005,9,9,Johnny Depp,male,Tim,male
3396,7e+06,NA,ru,Hard to Be a God,3.120016,2013-02-27,1310673,170,6.7,41,Drama,2013,2,27,Leonid Yarmolnik,male,Aleksey,male
3267,8e+06,independent film mistaken identity,en,The Pallbearer,2.149469,1996-05-03,0,97,4.6,30,Comedy,1996,5,3,David Schwimmer,male,Matt,male
889,5.2e+07,based on novel japanese world war ii battle assignment invasion,en,The Thin Red Line,40.072583,1998-12-25,98126565,170,7.2,771,Drama,1998,12,25,Sean Penn,male,Terrence,male
798,5.8e+07,job interview loss of job intern reference to google new job,en,The Internship,1.551497,2013-06-07,4.4e+07,119,6.1,1658,Comedy,2013,6,7,Owen Wilson,male,Shawn,male
1638,3e+07,male nudity female nudity letter love viagra,en,Love & Other Drugs,20.236951,2010-11-22,102820008,112,6.6,1233,Drama,2010,11,22,Jake Gyllenhaal,male,Edward,male
3513,6e+06,woman director,en,Song One,6.349218,2014-01-20,32251,86,5.5,87,Drama,2014,1,20,Anne Hathaway,female,Kate,female
838,5e+07,prison android spacecraft space marine imprisonment,en,AlienÂ³,45.856409,1992-05-22,159773545,114,6.2,1633,Action,1992,5,22,Sigourney Weaver,female,David,male
3967,3,NA,en,Four Single Fathers,0.008263,2009-01-15,0,100,0,0,Drama,2009,1,15,Alessandro Gassman,male,Paolo,male
4437,9e+05,depression christmas party deaf-mute daughter high school sports,en,The Quiet,4.0971,2005-09-12,381420,96,6.1,73,Drama,2005,9,12,Elisha Cuthbert,female,Jamie,female
3085,0,secret asylum bed and breakfast place past psychopath,en,Spider,6.948401,2002-12-13,0,98,6.4,168,Drama,2002,12,13,Ralph Fiennes,male,David,male
858,5e+07,musical the muppets,en,Muppets Most Wanted,14.808304,2014-03-20,80383290,112,6.2,316,Comedy,2014,3,20,Ricky Gervais,male,James,male
1116,4.2e+07,fbi law tennessee lawyer law firm,en,The Firm,23.736535,1993-06-30,270248367,154,6.6,501,Drama,1993,6,30,Tom Cruise,male,Sydney,female
4293,1,NA,en,The Algerian,0.025364,2015-08-07,0,99,0,0,NA,2015,8,7,Ben Youcef,male,Giovanni,male
1291,3.9e+07,chicago sex based on novel nudity diary,en,The Time Traveler's Wife,37.492928,2009-08-14,101229792,107,6.7,798,Drama,2009,8,14,Eric Bana,male,Robert,male
1026,4.8e+07,baby becoming an adult puberty dream drug addiction,en,Riding in Cars with Boys,7.226115,2001-10-19,35743308,132,6.5,103,Drama,2001,10,19,Drew Barrymore,male,Penny,female
4245,1500000,disc jockey radio station winter survival zombie,en,Pontypool,4.680206,2009-03-06,32000,93,6.6,183,Fiction,2009,3,6,Stephen McHattie,male,Bruce,male
4204,0,independent film sexual humor drug humor,en,Foolish,0.796009,1999-04-09,6033999,84,6.3,3,Drama,1999,4,9,Eddie Griffin,male,Dave,male
3354,0,sport,en,Michael Jordan to the Max,1.830306,2000-05-05,21268532,46,7.5,10,Documentary,2000,5,5,Michael Jordan,male,James,male
3784,3e+06,london england nightclub chase fraud liar,en,Shooting Fish,1.204941,1997-08-22,302204,109,7,23,Comedy,1997,8,22,Dan Futterman,male,Stefan,male
4801,0,NA,en,Shanghai Calling,0.857008,2012-05-03,0,98,5.7,7,NA,2012,5,3,Daniel Henney,male,Daniel,male
3297,2.2e+07,vineyard rifle drug trade violence shot in the stomach,en,The Death and Life of Bobby Z,12.893219,2007-07-23,413454,97,5.8,103,Drama,2007,7,23,Paul Walker,male,John,male
1184,2e+07,high school bullying high school sports fake identity adult as a child,en,17 Again,52.571674,2009-03-11,136267476,102,6.1,1350,Comedy,2009,3,11,Zac Efron,male,Burr,male
4415,1e+06,NA,en,Snow White: A Deadly Summer,0.653495,2012-03-16,0,85,4.8,11,Thriller,2012,3,16,Shanley Caswell,female,David,male
1004,5e+07,great britain musical rock pirate radio swinging 60s,en,The Boat That Rocked,31.02233,2009-04-01,36348784,116,7.2,666,Drama,2009,4,1,Tom Sturridge,male,Richard,male
3765,4e+06,loss of father condom vulgar parole board alcohol abuse,en,Let's Go to Prison,4.59841,2006-11-17,4630045,84,5.5,69,Comedy,2006,11,17,Dax Shepard,male,Bob,male
3541,0,paris prostitute rape sex nudity,fr,Irreversible,32.476098,2002-05-22,792,97,7.1,538,Drama,2002,5,22,Monica Bellucci,female,Gaspar,male
1275,5e+07,saving the world bomb sun space marine sunlight,en,Sunshine,51.502884,2007-04-05,32017803,107,7,1182,Thriller,2007,4,5,Cillian Murphy,male,Danny,male
3953,0,woman director,en,Fort McCoy,0.384496,2014-01-01,0,0,6.3,2,Drama,2014,1,1,Eric Stoltz,male,Michael,male
1751,2.7e+07,secret society conciliation marriage mother daughter relationship playwright,en,Divine Secrets of the Ya-Ya Sisterhood,5.576937,2002-06-07,0,116,5.6,65,Drama,2002,6,7,Sandra Bullock,female,Callie,female
2158,2e+07,confidence romantic comedy dating insecurity airport security,en,She's Out of My League,16.176976,2010-03-11,49779728,104,5.9,525,Comedy,2010,3,11,Alice Eve,female,Jim,male
904,5e+07,single parent waitress lone wolf friendship neighbor,en,As Good as It Gets,37.885022,1997-12-19,314178011,139,7.2,915,Comedy,1997,12,19,Jack Nicholson,male,James,male
4034,0,NA,en,Christmas Mail,0.630226,2010-12-01,0,89,5,15,Comedy,2010,12,1,Ashley Scott,female,John,male
109,1.55e+08,based on novel magic good vs evil king narnia,en,The Chronicles of Narnia: The Voyage of the Dawn Treader,49.661984,2010-08-13,415686217,113,6.2,1514,Adventure,2010,8,13,Skandar Keynes,NA,Michael,male
1067,4.5e+07,father son relationship generations confilct sport amateur soccer soccer coach,en,Kicking & Screaming,8.99269,2005-05-13,56070433,95,5.6,176,Comedy,2005,5,13,Will Ferrell,male,Jesse,male
473,7e+07,saving the world total destruction white house mars usa president,en,Mars Attacks!,44.090535,1996-12-12,101371017,106,6.1,1509,Comedy,1996,12,12,Jack Nicholson,male,Tim,male
2800,0,minister australia inheritance wager woman director,en,Oscar and Lucinda,0.139384,1997-12-31,0,132,6.2,25,Drama,1997,12,31,Ralph Fiennes,male,Gillian,female
1689,2.9e+07,wealth falling in love divorce pretty woman winery,en,Serving Sara,8.93941,2002-08-20,16930185,100,5,85,Comedy,2002,8,20,Matthew Perry,male,Reginald,male
690,6e+07,southern usa black people mentally disabled based on novel heal,en,The Green Mile,103.698022,1999-12-10,284600000,189,8.2,4048,Drama,1999,12,10,Tom Hanks,male,Frank,male
3215,0,island ship pirate sailor cabin boy,en,Shipwrecked,0.702971,1990-10-03,0,92,6.1,14,Adventure,1990,10,3,Stian Smestad,male,Nils,male
408,8.5e+07,terrorist fbi colombia firemen revenge,en,Collateral Damage,18.827753,2002-02-06,78382433,108,5.5,427,Drama,2002,2,6,Arnold Schwarzenegger,male,Andrew,male
174,1.5e+08,new york rio de janeiro marvel comic superhero based on comic book,en,The Incredible Hulk,62.898336,2008-06-12,163712074,114,6.1,3021,Action,2008,6,12,Edward Norton,male,Louis,male
2629,2.2e+07,NA,en,You Will Meet a Tall Dark Stranger,12.4654,2010-05-23,0,98,5.8,251,Drama,2010,5,23,Gemma Jones,female,Woody,male
3767,4e+06,suicide clerk fetish sadomasochism lawyer,en,Secretary,19.107285,2002-01-11,9304609,104,6.7,376,Drama,2002,1,11,James Spader,male,Steven,male
3593,5e+06,usa parents kids relationship greece culture clash midlife crisis,en,My Big Fat Greek Wedding,18.115566,2002-02-22,368744044,95,6.2,671,Drama,2002,2,22,Nia Vardalos,female,Joel,male
1190,5e+07,jealousy wife husband relationship dancing master,en,Shall We Dance?,14.231899,2004-10-15,170128460,107,5.9,297,Drama,2004,10,15,Richard Gere,male,Peter,male
341,9.5e+07,monster greek mythology god poseidon \u00a0 lightning bolt,en,Percy Jackson & the Olympians: The Lightning Thief,61.121717,2010-02-01,226497209,118,6,2010,Adventure,2010,2,1,Logan Lerman,male,Chris,male
3771,0,behind the scenes spa planetarium art imitates life,en,Love Stinks,3.347885,1999-09-10,0,94,5.4,11,Comedy,1999,9,10,French Stewart,male,Jeff,male
4792,20000,japan prostitute hotel based on novel hallucination,ja,Cure,0.212443,1997-11-06,99000,111,7.4,63,Thriller,1997,11,6,Koji Yakusho,male,Kiyoshi,male
4596,6e+06,prostitute mannequin remake murder gore,en,Maniac,19.331884,2012-12-26,31081,89,6,316,Horror,2012,12,26,Elijah Wood,male,Franck,male
3388,7e+06,female nudity based on novel stripper flop dark comedy,en,I Hope They Serve Beer in Hell,7.155519,2009-09-25,1429299,106,5.7,20,Drama,2009,9,25,Matt Czuchry,male,Bob,male
2389,1.8e+07,paris japanese identity underworld monopoly,fr,Renaissance,9.244181,2006-03-16,1831348,105,6.7,77,Action,2006,3,16,Daniel Craig,male,Christian,male
106,1.6e+08,ambush sadness stage liberation of prisoners island,en,Shrek the Third,42.986467,2007-05-17,798958165,93,6,2278,Comedy,2007,5,17,Mike Myers,male,Chris,male
2503,1.6e+07,dancing based on novel revenge native american violence,en,The Homesman,20.59148,2014-05-18,3442853,122,6.4,258,Drama,2014,5,18,Hilary Swank,female,Tommy,male
2952,0,sex jealousy girlfriend high school columbine,en,O,4.146752,2001-08-31,16017403,95,5.8,75,Drama,2001,8,31,Mekhi Phifer,male,Tim,male
2212,2e+07,heist betrayal dirty cop,en,Triple 9,29.371987,2016-02-19,12639297,115,5.6,797,Thriller,2016,2,19,Casey Affleck,male,John,male
1973,0,mexico cia fbi train,en,Double Take,1.903405,2001-01-12,0,88,5.5,24,Drama,2001,1,12,Orlando Jones,male,George,male
2582,1.5e+07,corruption father son relationship carnival mechanic motorcycle,en,The Place Beyond the Pines,35.395129,2013-03-20,35485608,140,6.8,1653,Drama,2013,3,20,Ryan Gosling,male,Derek,male
4559,0,NA,en,The Sound and the Shadow,0.072359,2014-10-19,0,90,0,0,Comedy,2014,10,19,Joseph E.,male,Justin,male
3707,0,NA,en,Saving Private Perez,0.177356,2011-03-18,0,105,6.1,18,Comedy,2011,3,18,Joaqu\u00edn Cosio,NA,Beto,male
3016,1.4e+07,soong sisters duringcreditsstinger,en,Sparkle,2.698185,2012-08-17,24637469,116,5.8,36,Drama,2012,8,17,Whitney Houston,female,Salim,male
1779,2.6e+07,first time virgin,en,The 40 Year Old Virgin,38.473732,2005-08-11,109449237,116,6.2,1983,Comedy,2005,8,11,Steve Carell,male,Judd,male
4622,0,NA,en,The Looking Glass,0.062979,2015-10-23,0,110,7,1,NA,2015,10,23,Dorothy Tristan,female,John,male
3433,6500000,secret organization murder environmentalism vanity film eco-terrorists,en,The East,16.574756,2013-05-31,2401510,116,6.5,305,Drama,2013,5,31,Brit Marling,male,Zal,NA
4442,0,transporter sport independent film,en,The Hammer,0.957022,2007-04-01,0,88,6.5,15,Comedy,2007,4,1,Adam Carolla,male,Charles,male
993,5e+07,callgirl san francisco investigation murder,en,Jade,8.189406,1995-10-13,9851610,95,5.2,44,Thriller,1995,10,13,David Caruso,male,William,male
1569,0,NA,en,Down to Earth,9.166658,2001-02-16,0,87,4.9,95,Comedy,2001,2,16,Chris Rock,male,Chris,male
2720,1.4e+07,time travel sequel hot tub duringcreditsstinger,en,Hot Tub Time Machine 2,16.618874,2015-02-20,12314651,93,5,354,Comedy,2015,2,20,Rob Corddry,male,Steve,male
4678,2e+05,independent film,en,The Business of Fancydancing,0.06104,2002-01-14,0,103,8,2,Drama,2002,1,14,Evan Adams,male,Sherman,male
1604,3e+07,sunrise winter vampire marriage crisis alaska,en,30 Days of Night,33.394082,2007-10-17,75505973,113,6.2,767,Thriller,2007,10,17,Josh Hartnett,male,David,male
2814,1.2e+07,hairdresser shop neighbor debt meeting,en,Barbershop,10.297189,2002-04-01,75781642,102,6.2,137,Drama,2002,4,1,Ice Cube,NA,Tim,male
2547,1.5e+07,wife husband relationship biography physicist based on memoir stephen hawking,en,The Theory of Everything,61.182331,2014-11-26,123726688,123,7.8,3311,Drama,2014,11,26,Eddie Redmayne,male,James,male
2112,2e+07,alcohol bar party divorce family,en,Bad Moms,42.512296,2016-07-28,183936074,100,6.3,1252,Comedy,2016,7,28,Mila Kunis,female,Jon,male
2631,0,miniseries,en,The Company,1.485324,2007-08-05,0,276,7,12,Drama,2007,8,5,Chris O'Donnell,male,Mikael,male
4547,0,music,en,Scott Walker: 30 Century Man,0.607782,2006-10-31,0,95,7,8,Music,2006,10,31,Scott Walker,male,Stephen,male
582,7e+07,saving the world hero marine corps chaos retirement,en,Battle: Los Angeles,49.199234,2011-03-08,202466756,116,5.5,1448,Action,2011,3,8,Aaron Eckhart,male,Jonathan,male
1491,3e+07,dystopia quarantine futuristic sword fight lethal virus,en,Doomsday,21.538222,2008-03-14,22211426,108,5.8,363,Thriller,2008,3,14,Rhona Mitra,female,Neil,male
4317,0,NA,en,The Wicked Within,1.906151,2015-10-16,0,91,4.2,26,Horror,2015,10,16,Sienna Guillory,female,Jay,male
876,7.5e+07,menace adoption dangerous adoptive father threat to death,en,Domestic Disturbance,8.41856,2001-10-30,54249294,89,5.4,113,Thriller,2001,10,30,John Travolta,male,Harold,male
1584,3e+07,bet lightning sports team sport basketball,en,Like Mike,5.73667,2002-07-03,0,99,5.7,100,Drama,2002,7,3,Shad Moss,male,John,male
842,5.5e+07,england train station based on novel bear anthropomorphism,en,Paddington,39.882276,2014-11-27,259207227,95,7,883,Comedy,2014,11,27,Nicole Kidman,female,Paul,male
2080,3e+07,spy cold war spying espionage mole,en,Tinker Tailor Soldier Spy,33.649652,2011-09-16,0,127,6.6,840,Drama,2011,9,16,John Hurt,male,Tomas,male
1800,2.6e+07,poison blackmail masked ball historical figure buried alive,en,The Raven,22.520842,2012-03-09,29657751,111,6.1,426,Thriller,2012,3,9,John Cusack,male,James,male
1206,0,green dodgeball incredibile timothy,en,The Odd Life of Timothy Green,16.394452,2012-08-15,51854875,105,6.5,386,Drama,2012,8,15,Jennifer Garner,female,Peter,male
1468,3.5e+07,brain tumor operation queen love of one's life surgeon,en,The Fountain,24.606012,2006-09-06,15304890,96,6.8,827,Drama,2006,9,6,Hugh Jackman,male,Darren,male
3706,6e+06,parents kids relationship airplane time travel school presentation school performance,en,Donnie Darko,61.210016,2001-01-18,1270522,113,7.7,3452,Drama,2001,1,18,Jake Gyllenhaal,male,Richard,male
2792,12500000,robbery office shop estate agent company,en,Glengarry Glen Ross,13.939054,1992-09-15,10725228,100,7.5,323,Drama,1992,9,15,Al Pacino,male,James,male
1185,4e+07,infidelity revenge unfaithful boyfriend woman sitting on a toilet,en,The Other Woman,34.519636,2014-04-16,196781193,109,6.2,1437,Comedy,2014,4,16,Cameron Diaz,male,Nick,male
4522,0,NA,en,The Singles Ward,0.920591,2002-01-30,0,102,7.5,4,Drama,2002,1,30,Will Swenson,male,Kurt,male
1404,3.5e+07,dictator martial arts hostage liberation of hostage hostage-taking,en,Street Fighter,19.286099,1994-12-22,99423521,102,4.1,325,Thriller,1994,12,22,Jean-Claude Van,NA,Steven,male
3119,0,duringcreditsstinger,en,Free Style,0.122874,2008-12-24,140987,94,5.8,4,Drama,2008,12,24,Corbin Bleu,male,William,male
246,1.1e+08,rebel southern usa loss of son martial arts general,en,The Patriot,23.657284,2000-06-28,215294342,165,6.8,1099,Drama,2000,6,28,Mel Gibson,male,Roland,male
4420,0,friends remote island woman director,en,Black Rock,7.207051,2012-01-21,0,83,4.9,78,Thriller,2012,1,21,Kate Bosworth,female,Katie,female
1238,4e+07,monster experiment island mutation genetics,en,The Island of Dr. Moreau,13.210898,1996-08-23,49627779,96,4.6,147,Fiction,1996,8,23,Marlon Brando,male,John,male
223,1.05e+08,prison dystopia matter of life and death outer space intergalactic travel,en,The Chronicles of Riddick,27.835436,2004-06-11,115772733,119,6.3,1570,Action,2004,6,11,Vin Diesel,male,David,male
4765,0,high school murder slasher teenager,en,Raymond Did It,0.160779,2011-03-27,0,83,3.2,8,Horror,2011,3,27,Kyle Hoskins,male,Travis,male
141,1.5e+08,boy alien rescue martian alien abduction,en,Mars Needs Moms,12.362599,2011-03-09,38992758,88,5.5,199,Adventure,2011,3,9,Seth Green,male,Simon,male
2183,0,baltimore thanksgiving family clan family conflict generations conflict,en,Home for the Holidays,4.031585,1995-11-02,17519169,103,6.3,39,Drama,1995,11,2,Holly Hunter,female,Jodie,female
782,6e+07,secret identity robber mask frog based on comic strip,en,The Spirit,14.84856,2008-12-25,39031337,103,4.7,320,Comedy,2008,12,25,Gabriel Macht,male,Frank,male
3453,6e+06,NA,en,The Wood,5.537646,1999-07-16,25059640,106,7.1,34,Drama,1999,7,16,Omar Epps,male,Rick,male
4350,1e+06,climate change greenhouse effect climate earth global warming,en,An Inconvenient Truth,14.139004,2006-01-24,46243000,100,6.7,251,Documentary,2006,1,24,Al Gore,male,Davis,male
764,8e+07,competition world war i great depression caddy savannah,en,The Legend of Bagger Vance,16.848899,2000-11-02,39459427,126,6.3,251,Drama,2000,11,2,Matt Damon,male,Robert,male
750,6e+07,corruption assassination detective journalist assassin,en,State of Play,21.685719,2009-04-17,87784194,127,6.7,484,Action,2009,4,17,Russell Crowe,male,Kevin,male
1542,3e+07,bomb airport bus bus ride highway,en,Speed,49.526736,1994-06-09,350448145,116,6.8,1783,Action,1994,6,9,Keanu Reeves,male,Jan,female
3113,1e+07,mexican,es,Cinco de Mayo: La Batalla,0.072085,2013-05-03,0,125,5.8,14,Drama,2013,5,3,Christian Vazquez,male,Rafa,female
2029,2.2e+07,budapest subway love of one's life vampire bite,en,Underworld,81.829237,2003-09-19,95708457,121,6.6,2512,Thriller,2003,9,19,Kate Beckinsale,female,Len,male
3153,1e+07,grizzly bear wilderness forest alaska survival,en,Into the Grizzly Maze,10.073144,2015-02-27,0,94,5.1,74,Thriller,2015,2,27,James Marsden,male,David,male
2445,1.7e+07,experiment supernatural paranormal haunting disappearance,en,The Apparition,6.385234,2012-08-23,9627492,82,4.5,140,Thriller,2012,8,23,Ashley Greene,female,Todd,male
4721,0,NA,en,The Work and The Story,0.002388,2003-01-01,0,70,0,0,Comedy,2003,1,1,Kirby Heyborne,male,Nathan,male
4331,1250000,ambition bollywood business india struggling career,hi,Rocket Singh: Salesman of the Year,3.000435,2009-12-11,0,156,7,27,Drama,2009,12,11,Ranbir Kapoor,male,Shimit,NA
3379,7e+06,new york alcohol sex infidelity nudity,en,Factory Girl,11.400229,2006-12-29,0,90,6.2,81,Drama,2006,12,29,Sienna Miller,female,George,male
2752,1.5e+07,dancing artificial intelligence distrust isolation technology,en,Ex Machina,95.130041,2015-01-21,36869414,108,7.6,4737,Drama,2015,1,21,Domhnall Gleeson,NA,Alex,male
1410,3.5e+07,schizophrenia night watchman subway hallucination alcoholism,en,Mirrors,19.774543,2008-08-15,72436439,110,6,485,Thriller,2008,8,15,Kiefer Sutherland,male,Alexandre,male
2050,2.5e+07,transporter sequel suspense car bank heist,en,The Transporter Refueled,25.002715,2015-09-03,72629670,96,5.2,559,Thriller,2015,9,3,Ed Skrein,male,Camille,female
4532,0,sexuality parents kids relationship indiana anti hero melancholy,en,Lonesome Jim,3.433625,2005-11-16,0,91,6.4,26,Drama,2005,11,16,Casey Affleck,male,Steve,male
3746,4e+06,male nudity female nudity sex adultery infidelity,en,The Boy Next Door,24.161735,2015-01-23,52425855,91,4.1,1022,Thriller,2015,1,23,Jennifer Lopez,female,Rob,male
4642,0,post traumatic stress  disorder photographer loss of lover professor trauma,en,November,5.742359,2004-07-22,0,73,4.9,11,Drama,2004,7,22,Courteney Cox,female,Greg,male
1894,2.5e+07,fbi revenge fbi agent,en,War,18.896239,2007-08-24,40452643,103,6,414,Thriller,2007,8,24,Jet Li,male,Philip,male
506,7.6e+07,secret agent bakery falling in love father daughter relationship duringcreditsstinger,en,Despicable Me 2,136.886704,2013-06-25,970761885,98,7,4637,Comedy,2013,6,25,Steve Carell,male,Pierre,male
196,1.3e+08,saving the world date prison secret identity fish,en,Megamind,68.757242,2010-10-28,321887208,95,6.7,1918,Comedy,2010,10,28,Will Ferrell,male,Tom,male
2397,17500000,rwanda refugee refugee camp militia murder,en,Hotel Rwanda,28.60542,2004-09-11,3.8e+07,121,7.5,793,Drama,2004,9,11,Don Cheadle,male,Terry,male
1314,3.8e+07,new york surgeon british suspense morgue,en,Extreme Measures,3.426555,1996-09-27,17380126,118,5.7,80,Drama,1996,9,27,Hugh Grant,male,Michael,male
4146,1.4e+07,road movie,en,Highway,3.419685,2002-01-01,0,97,5.6,37,Drama,2002,1,1,Jake Gyllenhaal,male,James,male
3798,4e+06,NA,en,Another Happy Day,3.238466,2011-11-18,355688,119,6.2,37,Drama,2011,11,18,Ellen Barkin,female,Sam,male
4109,0,gold oregon thirst tree settler,en,Meek's Cutoff,4.749885,2010-09-05,876302,104,6.5,77,Drama,2010,9,5,Michelle Williams,female,Kelly,female
2336,1.5e+07,airplane hijacking terror cell emergency landing war on terror,en,United 93,17.50138,2006-04-28,76286096,111,6.9,367,Drama,2006,4,28,J.J. Johnson,NA,Paul,male
3247,8e+06,male friendship friendship dating relationship duringcreditsstinger,en,That Awkward Moment,37.821106,2014-01-29,26049082,94,6.1,1004,Comedy,2014,1,29,Zac Efron,male,Tom,male
4003,2600000,scissors radio nudity time woods,es,Timecrimes,19.02965,2007-09-20,553198,92,7,308,Thriller,2007,9,20,Karra Elejalde,female,Nacho,male
1475,3.5e+07,mother father son relationship field athlete soccer,en,Playing for Keeps,17.932561,2012-11-29,0,106,5.4,240,Comedy,2012,11,29,Gerard Butler,male,Gabriele,female
689,6e+07,journalist based on novel puppy dog duringcreditsstinger,en,Marley & Me,30.951203,2008-12-25,244082376,115,6.9,1343,Comedy,2008,12,25,Owen Wilson,male,David,male
2895,1.2e+07,wife husband relationship success author extramarital affair,en,Breakfast of Champions,2.695896,1999-02-13,0,110,5.2,28,Comedy,1999,2,13,Bruce Willis,male,Alan,male
3415,0,eroticism,it,"Remember Me, My Love",4.240495,2003-02-11,0,125,5.8,44,Drama,2003,2,11,Fabrizio Bentivoglio,male,Gabriele,female
1068,5e+07,bureaucracy england dolphin android based on novel,en,The Hitchhiker's Guide to the Galaxy,51.742065,2005-01-15,104478416,109,6.6,1315,Comedy,2005,1,15,Martin Freeman,male,Garth,male
3256,8e+06,minnesota small town economy plants vegetarian,en,New in Town,13.987772,2009-01-30,29010817,97,5.2,99,Comedy,2009,1,30,Ren\u00e9e Zellweger,NA,Jonas,male
3730,0,space colony space travel simulated reality  spaceship suspense,de,Cargo,10.142218,2009-09-24,0,120,5.9,140,Thriller,2009,9,24,Martin Rapold,male,Ivan,male
3463,12716953,journalist martial arts cook drug dealer,cn,Mr. Nice Guy,7.077505,1997-01-31,18814720,113,6.3,128,Comedy,1997,1,31,Jackie Chan,female,Sammo,NA
588,7e+07,duringcreditsstinger,en,Wall Street: Money Never Sleeps,23.25645,2010-09-02,134748021,133,5.8,493,Drama,2010,9,2,Michael Douglas,male,Oliver,male
1794,2.6e+07,time airplane youth wristwatch,en,Clockstoppers,5.894163,2002-03-17,38793283,94,4.9,89,Thriller,2002,3,17,Jesse Bradford,male,Jonathan,male
1141,4.1e+07,individual street gang adolescence rap music hip-hop,en,8 Mile,32.798571,2002-11-08,2.15e+08,110,6.8,1626,Drama,2002,11,8,Eminem Mekhi,NA,Curtis,male
1905,2.5e+07,soul serial killer slasher teenager 3d,en,My Soul to Take,7.001176,2010-10-08,19829957,107,5.2,147,Drama,2010,10,8,Max Thieriot,male,Wes,male
3581,5e+06,christianity coma jealousy radio station texas,en,The Apostle,4.227807,1997-10-09,0,134,6.1,38,Drama,1997,10,9,Robert Duvall,male,Robert,male
1647,3e+07,love of one's life leave look-alike intrigue,en,Wicker Park,9.301562,2004-09-03,13001257,114,6.7,157,Drama,2004,9,3,Josh Hartnett,male,Paul,male
1174,4e+07,police sequel police officer brother-in-law brother-in-law relationship black men,en,Ride Along 2,25.136082,2016-01-14,124827316,102,6.1,555,Comedy,2016,1,14,Kevin Hart,male,Tim,male
907,5e+07,love letter new hampshire ferrari liar city country contrast,en,Mr. Deeds,18.121404,2002-06-28,171269535,96,5.6,644,Comedy,2002,6,28,Adam Sandler,male,Steven,male
4294,1300000,woman director,es,The Amazing Catfish,1.473405,2013-08-10,0,87,5.7,17,Drama,2013,8,10,Lisa Owen,female,Claudia,female
1928,2.5e+07,southern usa rape bar wife husband relationship barn,en,Straw Dogs,7.473455,2011-09-16,10324441,110,5.5,144,Drama,2011,9,16,James Marsden,male,Rod,male
2055,0,gang hoodlum woman director,en,Mad Money,6.847133,2008-01-17,0,104,5.9,140,Comedy,2008,1,17,Diane Keaton,female,Callie,female
238,1.25e+08,martial arts terrorist hero mutation van,en,Teenage Mutant Ninja Turtles,143.350376,2014-08-07,477200000,101,5.8,2636,Comedy,2014,8,7,Megan Fox,female,Jonathan,male
2292,0,NA,en,Thomas and the Magic Railroad,1.916351,2000-07-26,0,85,4.6,8,Drama,2000,7,26,Alec Baldwin,male,Britt,male
1864,2.5e+07,dystopia black and white based on young adult novel,en,The Giver,53.811461,2014-08-11,66980456,94,6.4,1798,Drama,2014,8,11,Jeff Bridges,male,Phillip,male
1776,0,fictional place opera musical,en,The Magic Flute,0.548435,2006-09-07,0,133,6.9,6,Drama,2006,9,7,Joseph Kaiser,male,Kenneth,male
728,6.6e+07,black magic fistfight cover-up superhero paranormal phenomena,en,Hellboy,47.479755,2004-04-02,99318987,122,6.5,2225,Action,2004,4,2,Ron Perlman,male,Guillermo,male
2953,1.1e+07,island marooned pacific island teenager deserted island,en,Return to the Blue Lagoon,9.705589,1991-08-02,2807854,98,5.1,153,Drama,1991,8,2,Milla Jovovich,female,William,male
2208,2e+07,vampire child vampire remake bully young boy,en,Let Me In,19.705311,2010-10-01,24145613,116,6.7,641,Drama,2010,10,1,Kodi Smit-McPhee,female,Matt,male
3543,2200000,new delhi india students' movement war of independence student celebration,hi,Rang De Basanti,5.206967,2006-01-26,11502151,157,7.2,97,Drama,2006,1,26,Aamir Khan,male,Rakeysh,NA
924,5e+07,nun based on novel bath tub nightmare son,en,The Ring Two,32.233713,2005-03-17,161451538,110,5.4,632,Drama,2005,3,17,Naomi Watts,female,Hideo,male
736,6e+07,terrorist pentagon satellite navy seal train,en,Under Siege 2: Dark Territory,13.080725,1995-07-13,104324083,100,5.6,210,Thriller,1995,7,13,Steven Seagal,male,Geoff,male
2749,1.3e+07,faithlessness puppet killer toys toy comes to life,en,Child's Play 2,16.681567,1990-11-09,35763605,84,5.8,308,Drama,1990,11,9,Alex Vincent,male,John,male
1357,3.6e+07,biography,cn,Ip Man 3,19.167377,2015-12-19,156844753,105,6.5,379,Drama,2015,12,19,Donnie Yen,male,Wilson,male
115,1.5e+08,flying alcohol love of one's life forbidden love lovers,en,Hancock,56.758411,2008-07-01,624029371,92,6.2,2961,Action,2008,7,1,Will Smith,male,Peter,male
3546,0,independent film ventriloquist dummy multiple storylines sabbath brain scan,en,The Ten,3.865122,2007-08-03,0,96,4.9,57,Comedy,2007,8,3,Paul Rudd,male,David,male
1988,23600000,washington d.c. sister sister relationship post-apocalyptic road trip blood splatter,en,Zombieland,57.300674,2009-10-07,102391382,88,7.2,3550,Comedy,2009,10,7,Jesse Eisenberg,male,Ruben,male
287,1e+08,bounty hunter hero plantation society friendship,en,Django Unchained,82.121691,2012-12-25,425368238,165,7.8,10099,Drama,2012,12,25,Jamie Foxx,female,Quentin,male
492,8e+06,3d,es,Top Cat Begins,0.719996,2015-10-30,0,89,5.3,9,Comedy,2015,10,30,Jason Harris,male,Andr\u00e9s,NA
2648,1.5e+07,biography nelson mandela,en,Winnie Mandela,1.897761,2011-09-16,0,107,5.2,5,Drama,2011,9,16,Elias Koteas,male,Darrell,male
2626,2.5e+07,teenager attic knitting needle noise complaint crawling hand,en,Idle Hands,8.583217,1999-04-30,4152230,92,6.1,182,Comedy,1999,4,30,Devon Sawa,male,Rodman,male
1744,3e+07,alcohol one-night stand bed pregnancy and birth condom,en,Knocked Up,22.527211,2007-06-01,219076518,129,6.2,1214,Drama,2007,6,1,Seth Rogen,male,Judd,male
161,1.4e+08,egypt underworld fight mythology nile,en,Gods of Egypt,56.257249,2016-02-25,150680864,127,5.3,1277,Fantasy,2016,2,25,Brenton Thwaites,male,Alex,male
1382,3.4e+07,new york brother brother relationship journalist martial arts crime fighter,en,TMNT,18.39217,2007-03-23,95608995,90,6,345,Comedy,2007,3,23,Chris Evans,male,Kevin,male
2150,2e+07,rape gun self-defense grieving parents,en,Eye for an Eye,3.996392,1996-01-12,0,101,5.8,63,Drama,1996,1,12,Sally Field,female,John,male
100,1.5e+08,diary navy funeral tea travel,en,The Curious Case of Benjamin Button,60.269279,2008-11-24,333932083,166,7.3,3292,Drama,2008,11,24,Cate Blanchett,female,David,male
1349,0,assassin widow trial civil rights activist,en,Ghosts of Mississippi,8.102925,1996-12-20,0,130,6.2,40,Drama,1996,12,20,Alec Baldwin,male,Rob,male
5,2.58e+08,dual identity amnesia sandstorm love of one's life forgiveness,en,Spider-Man 3,115.699814,2007-05-01,890871626,139,5.9,3576,Action,2007,5,1,Tobey Maguire,male,Sam,male
1082,5.5e+07,mission of murder male bonding doing the right thing people change,en,16 Blocks,32.31022,2006-03-01,65664721,105,6.2,661,Thriller,2006,3,1,Bruce Willis,male,Richard,male
1282,0,civil war spy hotel journalist journalism,en,The Hunting Party,8.048305,2007-09-03,0,101,6.6,96,Drama,2007,9,3,Richard Gere,male,Richard,male
4120,3800000,independent film aftercreditsstinger,en,Saint John of Las Vegas,2.559806,2009-06-10,111731,84,5.9,18,Comedy,2009,6,10,Steve Buscemi,male,Hue,male
4265,0,murder suspense love affair police interrogation murder trial,fr,The Blue Room,2.486992,2014-05-16,0,75,6.2,32,Drama,2014,5,16,Mathieu Amalric,male,Mathieu,male
4195,2e+06,rape fondling revenge writer strangulation,en,I Spit on Your Grave,26.281839,2010-06-17,572809,108,6.3,519,Thriller,2010,6,17,Sarah Butler,female,Steven,male
2973,1.2e+07,duringcreditsstinger,en,For Greater Glory - The True Story of Cristiada,5.759545,2012-06-01,9622846,145,6.4,35,Drama,2012,6,1,Eva Longoria,female,Dean,male
2305,0,based on novel jewish life ohio 1950s,en,Indignation,5.625989,2016-07-29,0,110,6.8,69,Drama,2016,7,29,Logan Lerman,male,James,male
790,58800000,sniper biography iraq navy seal u.s. soldier,en,American Sniper,87.53437,2014-12-11,542307423,133,7.4,4469,Action,2014,12,11,Bradley Cooper,male,Clint,male
4715,0,journalist independent film hand clapping game cult leader,en,Sound of My Voice,6.192383,2011-01-22,0,85,6.3,108,Drama,2011,1,22,Brit Marling,male,Zal,NA
2546,1.5e+07,journalist secret society pizza wealth pay phone,en,The Skulls,11.375032,2000-03-31,35007180,106,5.8,156,Drama,2000,3,31,Joshua Jackson,male,Rob,male
1989,2.3e+07,sport social outcast ridicule lawn mower deserted by husband,en,The Waterboy,23.839127,1998-11-06,185991646,90,5.9,512,Comedy,1998,11,6,Adam Sandler,male,Frank,male
3241,0,hip-hop dance performance dance breakdance musical,en,You Got Served,3.804597,2004-01-30,0,95,4.8,75,Drama,2004,1,30,Marques Houston,male,Chris,male
2581,1.5e+07,suicide sex island nightmare chase,en,Disturbing Behavior,9.378688,1998-07-24,17507368,84,5.5,104,Fiction,1998,7,24,James Marsden,male,David,male
1811,2.5e+07,san francisco parents kids relationship restaurant nanny mask,en,Mrs. Doubtfire,30.884535,1993-11-24,441286195,125,7,1591,Drama,1993,11,24,Robin Williams,female,Chris,male
747,6e+07,los angeles gangster,en,Gangster Squad,29.041198,2013-01-10,105200903,113,6.2,1778,Drama,2013,1,10,Josh Brolin,male,Ruben,male
613,6.8e+07,quebec jewel scepter customs house jewelry heist,en,The Score,22.572323,2001-07-13,71069884,124,6.7,423,Thriller,2001,7,13,Robert De,male,Frank,male
262,9.3e+07,elves dwarves orcs middle-earth (tolkien) hobbit,en,The Lord of the Rings: The Fellowship of the Ring,138.049577,2001-12-18,871368364,178,8,8705,Action,2001,12,18,Elijah Wood,male,Peter,male
2619,1.5e+07,career family unemployment woman director graduation speech,en,Post Grad,7.446069,2009-08-21,6405245,89,5,100,Comedy,2009,8,21,Alexis Bledel,female,Vicky,female
4237,0,new orleans alligator male friendship ax swampf,en,Hatchet,12.677016,2006-04-27,0,83,5.7,159,Comedy,2006,4,27,Joel David,male,Adam,male
3157,0,bollywood fall in love,hi,Jab Tak Hai Jaan,5.900535,2012-11-13,0,176,7.3,66,Drama,2012,11,13,Shah Rukh,male,Yash,male
2217,2e+07,paris venice adultery robbery lovesickness,en,Everyone Says I Love You,12.379781,1996-12-06,0,101,6.5,147,Comedy,1996,12,6,Drew Barrymore,male,Woody,male
2950,1.1e+07,immigration independent film woman director political prisoner cuban refugees,en,The Perez Family,1.187671,1995-05-12,2832826,113,6.6,9,Drama,1995,5,12,Marisa Tomei,female,Mira,female
4343,1e+06,murder serial killer student rumor,en,Cry_Wolf,6.926926,2005-09-16,10047674,90,5.6,126,Thriller,2005,9,16,Julian Morris,male,Jeff,male
1789,2.6e+07,ambulance premonition hospital,en,Final Destination 2,37.355826,2003-01-31,90426405,90,5.9,1023,Horror,2003,1,31,Ali Larter,male,David,male
2126,2e+07,black people age difference jamaica vacation female protagonist,en,How Stella Got Her Groove Back,2.003047,1998-08-14,37672350,124,6,24,Drama,1998,8,14,Angela Bassett,female,Kevin,male
460,8e+07,talking animal scientist german accent ostrich monkey,en,Zookeeper,27.46264,2011-07-06,169852759,102,5.3,498,Comedy,2011,7,6,Kevin James,male,Frank,male
3999,2159280,nun mine jew jewish poland,pl,Ida,13.265432,2013-10-25,10700000,80,7.1,260,Drama,2013,10,25,Agata Trzebuchowska,female,Pawe\u0142,NA
94,1.7e+08,marvel comic spaceship space outer space orphan,en,Guardians of the Galaxy,481.098624,2014-07-30,773328629,121,7.9,9742,Action,2014,7,30,Chris Pratt,male,James,male
1986,2.4e+07,NA,en,Faster,26.324874,2010-11-23,23081726,98,6.1,568,Drama,2010,11,23,Dwayne Johnson,male,George,male
974,5e+07,houseboat heart investigation police ex-cop,en,Blood Work,10.089065,2002-08-04,26199517,110,6.1,206,Drama,2002,8,4,Clint Eastwood,male,Clint,male
622,7e+07,terror falsely accused based on novel dying and death jordan,en,Body of Lies,37.507136,2008-10-10,113280098,128,6.5,895,Drama,2008,10,10,Leonardo DiCaprio,male,Ridley,male
661,6.5e+07,adventure house alien giant robot outer space,en,Zathura: A Space Adventure,15.194239,2005-11-06,64321501,101,6.1,779,Adventure,2005,11,6,Jonah Bobo,male,Jon,male
2236,0,wave surfing sport mentor prot\u00e9g\u00e9 relationship santa cruz california,en,Chasing Mavericks,13.621201,2012-10-25,0,117,7,216,Drama,2012,10,25,Gerard Butler,male,Curtis,male
411,6e+07,whipping hipster underage girlfriend animated flashback character's point of view camera shot,en,Scott Pilgrim vs. the World,38.885195,2010-07-27,47664559,112,7.2,2126,Comedy,2010,7,27,Michael Cera,male,Edgar,male
2025,2.2e+07,france based on novel indian lead restaurant family,en,The Hundred-Foot Journey,27.898438,2014-08-06,88880821,122,7.3,508,Drama,2014,8,6,Helen Mirren,female,Lasse,male
4517,0,competition documentary dance contest ballroom dancing kids,en,Mad Hot Ballroom,0.772668,2005-05-13,0,105,7.2,8,Family,2005,5,13,NA,NA,Marilyn,female
2235,8700000,california detective based on novel dream undercover,en,A Scanner Darkly,26.093043,2006-05-25,7659918,100,6.8,532,Thriller,2006,5,25,Keanu Reeves,male,Richard,male
1100,4.5e+07,buddhist monk cooking prime minister kitchen secret agent,en,Johnny English Reborn,35.6585,2011-09-15,160078586,101,6,1007,Comedy,2011,9,15,Rowan Atkinson,male,Oliver,male
2647,1.5e+07,photographer butcher vegetarian midnight blood splatter,en,The Midnight Meat Train,19.913961,2008-08-07,3533227,98,6,290,Drama,2008,8,7,Bradley Cooper,male,Ry\u00fbhei,NA
2977,1e+07,brain tumor nudity suffocation mutilation severed foot,en,Saw III,33.124871,2006-10-27,163876815,108,6.1,1071,Thriller,2006,10,27,Tobin Bell,male,Darren,male
3312,10200000,prague bratislava castration ladies' man student,en,Hostel: Part II,20.745052,2007-06-08,35619521,93,5.6,453,Horror,2007,6,8,Lauren German,female,Eli,male
4554,0,submarine woman director,en,Subconscious,0.397323,2015-03-10,0,110,3.4,4,Thriller,2015,3,10,Tim Abell,male,Georgia,female
4168,0,supervivencia,en,Abandoned,3.068463,2015-08-30,0,82,5.8,27,Drama,2015,8,30,Dominic Purcell,male,John,male
1097,4e+07,gadfly,en,Big Trouble,5.201688,2002-04-05,8493890,85,6.3,80,Comedy,2002,4,5,Tim Allen,male,Barry,male
3716,0,suicide sex sweden underground nightclub,sv,Lilya 4-ever,7.759215,2002-08-23,0,109,7.7,139,Drama,2002,8,23,Oksana Akinshina,female,Lukas,male
4385,0,NA,en,Lisa Picard Is Famous,0.690089,2000-05-14,0,90,4,1,NA,2000,5,14,Laura Kirk,female,Griffin,male
4095,0,brother brother relationship playground independent film sex talk art gallery,en,Me and You and Everyone We Know,9.719094,2005-06-17,0,90,7,107,Drama,2005,6,17,Miranda July,female,Miranda,female
3264,0,NA,en,The Inkwell,0.269661,1994-04-22,8880705,110,3.9,5,Drama,1994,4,22,Larenz Tate,male,Matty,female
4180,0,comedian comedy duringcreditsstinger,en,The Greatest Movie Ever Sold,0.692497,2011-04-22,621951,87,6.4,88,Comedy,2011,4,22,Morgan Spurlock,female,Morgan,female
4524,5e+05,NA,en,Sholem Aleichem: Laughing In The Darkness,0.109579,2012-02-24,845188,93,7,2,Documentary,2012,2,24,Rachel Dratch,female,Joseph,male
3595,5e+06,mass murder nudity halloween attempt to escape cult,en,Halloween: The Curse of Michael Myers,9.483717,1995-09-29,15116634,88,5,170,Thriller,1995,9,29,Donald Pleasence,male,Joe,male
3467,6e+06,prison child abuse ku klux klan police brutality ghetto,en,Tales from the Hood,3.89204,1995-05-24,1.2e+07,98,5.4,32,Thriller,1995,5,24,Clarence Williams,male,Rusty,male
1799,4.2e+07,women sex cuba eroticism lover (female),en,Original Sin,14.831402,2001-08-03,35402320,118,5.8,198,Drama,2001,8,3,Angelina Jolie,female,Michael,male
1499,32500000,competition jealousy fight materialism bridesmaid,en,Bridesmaids,17.107065,2011-04-28,288383523,125,6.5,1661,Comedy,2011,4,28,Kristen Wiig,female,Paul,male
2918,1.1e+07,wound disgust pain stunts stuntman,en,Jackass Number Two,11.227087,2006-09-22,72778712,95,6.4,298,Comedy,2006,9,22,Johnny Knoxville,male,Jeff,male
4110,2e+06,usa 1970s sexual revolution unsimulated sex,en,Inside Deep Throat,3.980072,2005-02-11,653621,92,6.8,31,History,2005,2,11,Dennis Hopper,male,Fenton,male
2545,7e+06,los angeles bullet proof vest u.s. marine medal of valor police sergeant,en,End of Watch,49.517264,2012-09-20,48126384,109,7.2,1170,Drama,2012,9,20,Jake Gyllenhaal,male,David,male
1629,3.5e+07,plan,en,Little Black Book,6.246199,2004-08-06,22034832,111,5.2,112,Drama,2004,8,6,Brittany Murphy,female,Nick,male
1808,2.6e+07,lie immortality terminal illness laboratory cancer,en,Self/less,66.097437,2015-07-10,30523226,116,6.3,1091,Thriller,2015,7,10,Ryan Reynolds,male,Tarsem,NA
168,1.37e+08,battle assignment dystopia alien downfall scientist,en,Final Fantasy: The Spirits Within,26.074908,2001-07-02,85131830,106,5.9,433,Action,2001,7,2,Donald Sutherland,male,Hironobu,NA
4548,5e+05,independent film,en,Everything Put Together,0.046903,2001-11-02,0,87,5,2,Drama,2001,11,2,Radha Mitchell,female,Marc,male
1827,2.5e+07,crime fighter fight mutant turtle ninja,en,Teenage Mutant Ninja Turtles II: The Secret of the Ooze,15.505137,1991-03-22,7.8e+07,88,5.8,286,Comedy,1991,3,22,Paige Turco,female,Michael,male
3145,8900000,nurse music teacher aging daughter music,fr,Amour,17.151293,2012-07-01,19839492,127,7.5,400,Drama,2012,7,1,Emmanuelle Riva,female,Michael,male
1924,2.5e+07,alcohol detective dancer nightmare college,en,Abandon,3.888776,2002-10-14,10719357,99,4.6,45,Drama,2002,10,14,Katie Holmes,female,Stephen,male
3858,0,revenge murder u.s. marine,en,Stranded,3.230779,2015-06-05,0,86,5,11,Drama,2015,6,5,Scott Eastwood,male,Daniel,male
4100,2e+06,hostage based on true story murder independent film single mother,en,Captive,6.728882,2015-09-17,2801508,97,5.6,92,Drama,2015,9,17,Kate Mara,female,Jerry,male
4666,225000,michigan crisis fire fighting detroit woman director,en,Burn,0.126676,2012-11-01,111300,86,6.9,6,Documentary,2012,11,1,Donald Austin,male,Tom,male
2253,2e+07,resistance fascism totalitarian regime destroy phasing,en,Equilibrium,44.566609,2002-12-06,5359645,107,6.9,1552,Thriller,2002,12,6,Christian Bale,male,Kurt,male
734,6e+07,loyalty totalitarian regime mouse forgiveness honor,en,The Tale of Despereaux,16.493576,2008-12-19,50877145,93,5.8,258,Adventure,2008,12,19,Matthew Broderick,male,Robert,male
2635,1.5e+07,brother brother relationship boat psychopath vacation murder,en,Funny Games,15.175289,2007-10-20,7938872,112,6.3,545,Thriller,2007,10,20,Naomi Watts,female,Michael,male
511,7.5e+07,mutant marvel comic superhero based on comic book superhuman,en,X-Men,4.66891,2000-07-13,296339527,104,6.8,4097,Action,2000,7,13,Patrick Stewart,male,Bryan,male
1204,4e+07,chicago writing architect future time,en,The Lake House,29.88736,2006-06-16,114830111,99,6.5,670,Drama,2006,6,16,Keanu Reeves,male,Alejandro,male
3927,3e+06,suicide new york infidelity cancer independent film,en,Please Give,5.325156,2010-01-22,0,90,6,57,Drama,2010,1,22,Rebecca Hall,female,Nicole,female
1363,3.5e+07,double life parents kids relationship brother sister relationship loss of parents secret agent,en,Spy Kids,21.543389,2001-03-18,147934180,88,5.5,867,Comedy,2001,3,18,Alexa PenaVega,female,Robert,male
198,1.3e+08,gold police operation partner revenge undead,en,R.I.P.D.,39.448066,2013-07-18,61648500,96,5.4,1260,Comedy,2013,7,18,Jeff Bridges,male,Robert,male
869,5.4e+07,roommate love of one's life newlywed,en,"You, Me and Dupree",18.600367,2006-07-14,130431368,108,5.4,407,Comedy,2006,7,14,Kate Hudson,female,Anthony,male
4783,0,possession,en,Backmask,3.619167,2015-01-16,0,91,4.7,79,Thriller,2015,1,16,Stephen Lang,male,Marcus,male
4551,0,cancer teenager teen drama bucket list based on young adult novel,en,Now Is Good,14.142073,2012-05-25,0,103,7.3,371,Drama,2012,5,25,Dakota Fanning,male,Ol,NA
2909,11500000,suspense,en,The Cry of the Owl,4.75919,2009-02-07,0,101,5.5,29,Drama,2009,2,7,Paddy Considine,female,Jamie,female
257,1.1e+08,father son relationship fight sport robot prizefighting,en,Real Steel,37.195046,2011-09-28,299268508,127,6.6,2692,Drama,2011,9,28,Hugh Jackman,male,Shawn,male
2405,1.7e+07,secret blackmail fisherman police high school,en,I Know What You Did Last Summer,27.654472,1997-10-17,125586134,100,5.6,687,Thriller,1997,10,17,Jennifer Love,female,Jim,male
1397,0,church choir hiding place garbage duringcreditsstinger,en,The Ladykillers,23.666229,2004-03-25,0,104,6,415,Comedy,2004,3,25,Tom Hanks,male,Joel,male
4230,1500000,paris prostitute robbery drug abuse aids,en,Killing Zoe,5.817519,1993-10-01,418961,96,6.1,111,Drama,1993,10,1,Eric Stoltz,male,Roger,male
4272,1300000,vietnam independent film,vi,Journey from the Fall,0.072066,2006-02-22,639000,135,5,1,Drama,2006,2,22,Ki\u1ec1u Chinh,NA,Ham,NA
1419,8900000,casino robbery bus hijacking heist,en,Heist,15.079993,2015-11-13,4100000,93,5.6,318,Thriller,2015,11,13,Jeffrey Dean,male,Scott,male
3573,9e+06,individual insulin tattoo waitress amnesia,en,Memento,60.715151,2000-10-11,39723096,113,8.1,4028,Thriller,2000,10,11,Guy Pearce,male,Christopher,male
3904,3e+06,alien martian misunderstanding greedy developer,en,Spaced Invaders,1.586598,1990-04-27,15369573,100,4.7,25,Comedy,1990,4,27,Ariana Richards,female,Patrick,male
2666,1.5e+07,slum indian lead cheating suspicion game show,en,Slumdog Millionaire,59.258969,2008-05-12,377910544,120,7.6,2827,Drama,2008,5,12,Dev Patel,male,Danny,male
2209,0,underdog hero friendship treasure hunt friends,en,3 Ninjas Kick Back,2.645722,1994-05-06,0,93,4.5,48,Comedy,1994,5,6,Victor Wong,male,Charles,male
4372,1e+06,pornography sex secret fight star,en,Orgazmo,5.06516,1997-09-06,0,94,6.2,115,Comedy,1997,9,6,Trey Parker,male,Trey,male
522,3.5e+07,adoption puppy pitbull orphan foster home,en,Hotel for Dogs,13.25753,2009-01-16,73034460,100,5.7,202,Comedy,2009,1,16,Emma Roberts,female,Thor,male
44,1.9e+08,car race speed revenge suspense car,en,Furious 7,102.322217,2015-04-01,1506249360,137,7.3,4176,Action,2015,4,1,Vin Diesel,male,James,male
3982,0,climate change polar bear,en,Unnatural,0.687656,2015-10-16,0,89,4.3,12,Thriller,2015,10,16,James Remar,male,Hank,male
874,5.3e+07,tzar musical russian revolution train explosion foreign language adaptation,en,Anastasia,45.565918,1997-11-20,139804348,94,7.4,1432,Family,1997,11,20,Meg Ryan,female,Gary,male
414,8.4e+07,amateur detective voodoo resort crime solving,en,Scooby-Doo,31.435539,2002-06-14,275650703,88,5.4,820,Comedy,2002,6,14,Freddie Prinze,male,Raja,male
4685,0,NA,en,The Case of the Grinning Cat,0.092562,2004-12-05,0,59,7.7,3,Documentary,2004,12,5,NA,NA,Chris,male
2367,0,duringcreditsstinger,en,The Last Station,3.659292,2009-09-04,0,112,6.7,55,Drama,2009,9,4,James McAvoy,male,Michael,male
926,5e+07,competition moderator lasagne garfield,en,Garfield,17.667826,2004-06-10,200804534,80,5.2,820,Comedy,2004,6,10,Bill Murray,male,Peter,male
4782,0,christianity father son relationship georgia ark of the covenant minister,en,Flywheel,1.048524,2003-01-01,0,120,6.8,19,Drama,2003,1,1,Alex Kendrick,male,Alex,male
4645,0,woman director,en,Sugar Town,0.375423,1999-09-17,0,92,5.5,2,Comedy,1999,9,17,John Taylor,male,Allison,female
4530,0,romantic comedy,en,Never Again,0.039077,2002-07-12,0,98,4,3,Comedy,2002,7,12,Jeffrey Tambor,male,Eric,male
1279,4e+07,england secret intelligence service child hero wretch teen spy,en,Stormbreaker,16.282962,2006-07-21,23937870,93,5.1,213,Action,2006,7,21,Alex Pettyfer,male,Geoffrey,male
1310,3.8e+07,shopping mall las vegas security guard,en,Paul Blart: Mall Cop 2,41.258487,2015-04-16,107597242,94,5,567,Comedy,2015,4,16,Kevin James,male,Andy,male
1521,3.2e+07,dance musical furry talking animal anthropomorphism,en,Cats Don't Dance,4.098444,1997-03-26,3566637,75,7.1,24,Comedy,1997,3,26,Scott Bakula,male,Mark,male
3100,1e+07,rape ambulance ex-girlfriend memory unsimulated sex,en,The Brown Bunny,3.412162,2004-08-27,0,93,5.5,62,Drama,2004,8,27,Vincent Gallo,male,Vincent,male
4149,0,NA,en,The Ghastly Love of Johnny X,0.209475,2013-04-26,0,106,6.6,8,Comedy,2013,4,26,Will Keenan,male,Paul,male
493,6e+07,individual schizophrenia massachusetts love of one's life intelligence,en,A Beautiful Mind,59.248437,2001-12-11,313542341,135,7.7,3009,Drama,2001,12,11,Russell Crowe,male,Ron,male
1837,2.5e+07,martial arts hip-hop oakland asian asian man,en,Romeo Must Die,19.750059,2000-03-20,91036760,115,6,330,Thriller,2000,3,20,Jet Li,male,Andrzej,male
1356,3.5e+07,underwear tiger stag night hangover lost weekend,en,The Hangover,82.21166,2009-06-05,459270619,100,7.2,6173,Comedy,2009,6,5,Bradley Cooper,male,Todd,male
3049,0,high school scavenger hunt teenage crush slumber party teenager,en,Sleepover,5.842299,2004-07-09,0,89,5.3,101,Comedy,2004,7,9,Alexa PenaVega,female,Joe,male
3727,0,consignment,sv,Easy Money,7.217328,2010-01-15,0,124,6.5,63,Drama,2010,1,15,Joel Kinnaman,male,Daniel,male
635,5.2e+07,moon florida nasa spaceman race against time,en,Apollo 13,68.140214,1995-06-30,355237933,140,7.3,1599,Drama,1995,6,30,Tom Hanks,male,Ron,male
151,7e+07,denmark nordic mythology lie pride and vanity folk hero,en,Beowulf,35.601665,2007-11-05,195735876,115,5.5,841,Action,2007,11,5,Ray Winstone,male,Robert,male
2067,2.1e+07,gay mount rushmore national memorial swear word mephisto hell,en,"South Park: Bigger, Longer & Uncut",27.197799,1999-06-30,0,81,7.1,893,Comedy,1999,6,30,Trey Parker,male,Trey,male
3324,7500000,racehorse,en,Outside Bet,0.086731,2012-04-27,0,101,5.8,2,Comedy,2012,4,27,Bob Hoskins,male,Sacha,female
4187,1800000,ufo extraterrestrial spaceship alien,en,Independence Daysaster,1.959405,2013-06-27,0,86,4.2,22,Action,2013,6,27,Casey Dubois,male,W.D.,NA
2632,1.5e+07,china married couple backpacker firearm police,en,Transsiberian,11.428903,2008-01-18,5926410,111,6.5,195,Thriller,2008,1,18,Woody Harrelson,male,Brad,male
2639,1.2e+07,paris bomb vororte dystopia parkour,fr,District B13,17.493735,2004-11-09,9584131,84,6.5,565,Thriller,2004,11,9,David Belle,male,Pierre,male
1080,0,riot protest musical music cultural difference,en,Across the Universe,11.872841,2007-09-14,0,133,7.1,410,Drama,2007,9,14,Evan Rachel,male,Julie,female
3778,0,philosophy mentor artist painting friendship,en,The Art of Getting By,12.690224,2011-06-17,1406224,83,6.5,415,Drama,2011,6,17,Freddie Highmore,male,Gavin,male
2051,0,london england sex dying and death poet theatre milieu,en,The Libertine,7.588597,2004-09-16,0,114,5.9,128,Drama,2004,9,16,Johnny Depp,male,Laurence,male
2593,0,mortician tied to chair song and dance piano lesson fisticuffs,en,Idlewild,2.711955,2006-08-25,0,121,5.1,17,Drama,2006,8,25,Andr\u00e9 Benjamin,NA,Bryan,male
4789,0,addiction recovering drug addict estranged son,en,Clean,1.464566,2004-09-01,0,111,6.7,17,Drama,2004,9,1,Maggie Cheung,female,Olivier,male
2484,1.6e+07,artificial intelligence simulation computer program virtual reality dystopia,en,The Thirteenth Floor,19.890428,1999-04-16,18564088,100,6.8,378,Thriller,1999,4,16,Craig Bierko,male,Josef,male
835,5.5e+07,taxi restaurant zoo penguin ex husband,en,Mr. Popper's Penguins,32.835777,2011-06-17,187361754,94,5.7,751,Comedy,2011,6,17,Jim Carrey,male,Mark,male
1276,4e+07,liar literary agent,en,A Thousand Words,13.119133,2012-03-07,22044277,91,6,373,Drama,2012,3,7,Eddie Murphy,male,Brian,male
1597,3e+07,sport,en,Southpaw,65.364452,2015-06-15,91709827,123,7.3,2067,Drama,2015,6,15,Jake Gyllenhaal,male,Antoine,male
948,0,american football strike sport coach misfit,en,The Replacements,14.837288,2000-08-07,0,118,6.1,203,Comedy,2000,8,7,Keanu Reeves,male,Howard,male
2804,12500000,biography duringcreditsstinger,en,Casino Jack,6.546037,2010-09-16,1083683,108,6,94,Drama,2010,9,16,Kevin Spacey,male,George,male
1574,3e+07,pregnancy and birth surrogate mother,en,Baby Mama,11.409124,2008-04-23,63833449,99,5.8,205,Comedy,2008,4,23,Tina Fey,female,Michael,male
3726,5e+06,spain sex nudity psychopath murder,en,Sexy Beast,11.21273,2000-09-13,0,89,7,217,Drama,2000,9,13,Ray Winstone,male,Jonathan,male
1168,4e+07,cooking book cookbook blog recipe,en,Julie & Julia,22.853006,2009-08-06,129540499,123,6.6,560,Drama,2009,8,6,Meryl Streep,female,Nora,female
1640,3.5e+07,rape secret minnesota witness miner,en,North Country,12.779201,2005-02-12,25224242,126,6.8,125,Drama,2005,2,12,Charlize Theron,female,Niki,female
3293,8e+06,undercover mafia mobster crime family,en,10th & Wolf,3.942464,2006-02-19,143451,107,6.3,24,Drama,2006,2,19,James Marsden,male,Robert,male
2261,2e+07,in love with enemy indigenous island,en,Rapa Nui,3.581906,1994-09-09,305070,107,6.2,33,Adventure,1994,9,9,Jason Scott,male,Kevin,male
1690,2.9e+07,business woman ex-con duringcreditsstinger girl scouts,en,The Boss,20.55509,2016-04-07,78636257,91,5.5,431,Comedy,2016,4,7,Melissa McCarthy,female,Ben,male
2572,1.5e+07,pornography sex porn actor pornographic video from rags to riches,en,Boogie Nights,19.85579,1997-09-11,43101594,155,7.5,796,Drama,1997,9,11,Mark Wahlberg,male,Paul,male
2898,1.2e+07,war crimes mass murder war victim sino japanese war massacre,zh,City of Life and Death,4.793348,2009-04-22,10652498,132,7.6,55,Drama,2009,4,22,Liu Ye,NA,Lu,female
1145,4e+07,child abuse sense of guilt loss of child confidence psychology,en,The Sixth Sense,73.085576,1999-08-06,672806292,107,7.7,3147,Drama,1999,8,6,Bruce Willis,male,M.,NA
1134,4.8e+07,saving the world brother brother relationship royalty dinosaur based on video game,en,Super Mario Bros.,14.587367,1993-05-28,20915465,104,4,232,Comedy,1993,5,28,Bob Hoskins,male,Annabel,female
111,1.5e+08,destroy transformation alien based on toy transformers,en,Transformers,25.468493,2007-06-27,709709780,144,6.6,4040,Action,2007,6,27,Shia LaBeouf,male,Michael,male
3866,3300000,male nudity street gang brazilian photographer 1970s,pt,City of God,44.356711,2002-02-05,30641770,130,8.1,1814,Drama,2002,2,5,Alexandre Rodrigues,male,Fernando,male
2710,0,whiskey experimental film wallet cult director,fr,Wild Grass,1.866443,2009-05-20,0,104,5.8,22,Drama,2009,5,20,Andr\u00e9 Dussollier,NA,Alain,male
1551,3.7e+07,heir to the throne grandmother granddaughter relationship high school princess royalty,en,The Princess Diaries,40.176265,2001-08-03,165335153,115,6.5,1023,Comedy,2001,8,3,Anne Hathaway,female,Garry,male
486,9e+07,new york witch uprising witch hunter,en,The Last Witch Hunter,52.612025,2015-10-21,146936910,106,5.7,1316,Action,2015,10,21,Vin Diesel,male,Breck,male
2947,1e+07,miracle jesus christ last supper bible christian,en,The Visual Bible: The Gospel of John,3.208172,2003-09-11,4069090,125,8.2,12,Drama,2003,9,11,Christopher Plummer,male,Philip,male
4443,850000,gay coming out religion mormon,en,Latter Days,5.424916,2003-07-10,819939,107,6.7,56,Drama,2003,7,10,Steve Sandvoss,male,C.,NA
1384,3.5e+07,funeral friends hospital aftercreditsstinger duringcreditsstinger,en,Friends with Benefits,40.526587,2011-07-21,150483765,109,6.5,2237,Comedy,2011,7,21,Justin Timberlake,male,Will,male
2886,1.2e+07,adolescence loss of father lion south africa bullying,en,Duma,4.795244,2005-04-22,0,100,6.9,41,Drama,2005,4,22,Alex Michaeletos,male,Carroll,male
1904,2.5e+07,gay parents kids relationship custody battle flush yoga,en,The Next Best Thing,3.707511,2000-03-03,24362772,108,4.3,29,Comedy,2000,3,3,Madonna Rupert,female,John,male
157,1.4e+08,moses bible ancient egypt 3d ramses,en,Exodus: Gods and Kings,101.599427,2014-12-03,268031828,150,5.6,1921,Drama,2014,12,3,Christian Bale,male,Ridley,male
2847,1.2e+07,friendship high school teenager classmate based on young adult novel,en,Paper Towns,64.610671,2015-06-18,85512300,109,6.1,1937,Drama,2015,6,18,Nat Wolff,male,Jake,male
585,6.6e+07,world war i horse farm life execution trapped,en,War Horse,29.505574,2011-12-25,177584879,146,7,992,Drama,2011,12,25,Tom Hiddleston,male,Steven,male
2147,2e+07,beach mossad secret agent insane asylum lye,en,The Debt,14.857884,2010-04-11,45636368,113,6.3,257,Drama,2010,4,11,Helen Mirren,female,John,male
2597,0,grifter con big con con game premarital sex,en,Confidence,9.87419,2003-04-25,0,97,6.4,126,Comedy,2003,4,25,Edward Burns,male,James,male
2867,0,NA,en,Screwed,5.359381,2000-05-12,0,81,4.9,23,Comedy,2000,5,12,Norm Macdonald,male,Scott,male
2769,1.3e+07,paris city portrait jazz subway new love,fr,"Paris, je t'aime",10.573191,2006-05-16,4857367,120,6.8,207,Drama,2006,5,16,Steve Buscemi,male,Isabel,female
1749,27500000,anti terror terror cia loss of son police brutality,en,Rendition,12.741073,2007-09-07,24748670,120,6.2,205,Drama,2007,9,7,Omar Metwally,male,Gavin,male
3922,0,independent film woman director,en,Real Women Have Curves,1.026243,2002-01-01,0,86,5.8,19,Drama,2002,1,1,America Ferrera,female,Patricia,female
3071,0,adultery restaurant textile industry male friendship bourgeoisie,it,I Am Love,5.355763,2009-09-05,0,120,6.9,73,Drama,2009,9,5,Tilda Swinton,female,Luca,male
4527,0,independent film,en,Twin Falls Idaho,0.619136,1999-07-30,0,111,7,11,Drama,1999,7,30,Mark Polish,male,Michael,male
235,97250400,competition greece colosseum olympic games emperor,fr,Asterix at the Olympic Games,20.344364,2008-01-13,132900000,116,5,471,Comedy,2008,1,13,Clovis Cornillac,male,Thomas,male
2420,0,NA,en,Lottery Ticket,9.054803,2010-08-20,0,99,5.6,54,Comedy,2010,8,20,Shad Moss,male,Erik,male
1245,4e+07,street gang uncle female assassin witness to murder,en,Colombiana,33.785969,2011-07-27,60965854,108,6.5,824,Drama,2011,7,27,Zoe Saldana,female,Olivier,male
564,7.2e+07,symbolism water farm faith alien,en,Signs,28.848187,2002-08-02,408247917,106,6.4,1599,Drama,2002,8,2,Mel Gibson,male,M.,NA
2360,1.8e+07,NA,en,Getaway,16.520516,2013-08-29,10501938,90,4.9,246,Action,2013,8,29,Ethan Hawke,male,Courtney,female
2921,1.2e+07,NA,en,Drive Hard,3.94487,2014-05-26,0,96,3.9,74,Comedy,2014,5,26,Thomas Jane,male,Brian,male
1160,4e+07,london england england 1970s spirit single mother,en,The Conjuring 2,68.794673,2016-05-13,320170008,134,7,1949,Horror,2016,5,13,Patrick Wilson,male,James,male
2610,1.6e+07,terror journalism new love sadness fbi,en,A Mighty Heart,9.717392,2007-01-01,18928871,100,6.7,95,Drama,2007,1,1,Angelina Jolie,female,Michael,male
3188,0,gay great britain narration glam rock bisexual,en,Velvet Goldmine,10.932711,1998-10-23,1053788,119,6.9,116,Drama,1998,10,23,Ewan McGregor,male,Todd,male
97,1.5e+07,monster godzilla giant monster destruction kaiju,ja,Shin Godzilla,9.476999,2016-07-29,7.7e+07,120,6.5,143,Drama,2016,7,29,Hiroki Hasegawa,male,Hideaki,NA
1578,3.7e+07,new york photographer editor-in-chief wish michael jackson,en,13 Going on 30,41.569541,2004-04-13,96455697,98,6.3,1204,Comedy,2004,4,13,Jennifer Garner,female,Gary,male
4365,0,independent film woman director,en,Walking and Talking,0.367312,1996-07-17,0,86,6.6,7,Drama,1996,7,17,Catherine Keener,female,Nicole,female
1979,2.4e+07,sport,en,Play It to the Bone,5.566203,1999-12-25,8434146,124,5.7,53,Drama,1999,12,25,Antonio Banderas,male,Ron,male
2411,1.7e+07,best man,en,The Best Man Holiday,7.210095,2013-11-15,71625195,123,6.7,110,Comedy,2013,11,15,Terrence Howard,male,Malcolm,male
2724,18339750,berlin poison dictator clerk ideology,de,Downfall,32.445895,2004-09-08,92180910,156,7.7,1037,Drama,2004,9,8,Bruno Ganz,male,Oliver,male
4626,3e+05,coming of age,en,Anderson's Cross,0.006323,2010-05-20,0,98,0,0,Drama,2010,5,20,Joanna Cassidy,female,Jerome,male
2430,1.7e+07,remake demon necronomicon duringcreditsstinger,en,Evil Dead,33.912116,2013-04-05,97542952,91,6.4,1723,Horror,2013,4,5,Jane Levy,female,Fede,NA
304,1e+08,mercenary battle ancient greece hercules warrior,en,Hercules,76.842247,2014-07-23,243400000,99,5.6,1680,Action,2014,7,23,Dwayne Johnson,male,Brett,male
2505,0,destruction of a civilization turkey,en,Ararat,1.326264,2002-05-20,0,115,5.7,16,Drama,2002,5,20,Simon Abkarian,male,Atom,male
1295,3.9e+07,biography sport,en,Against the Ropes,2.817364,2004-02-20,6614280,106,4.5,32,Drama,2004,2,20,Meg Ryan,female,Charles,male
2875,1.2e+07,love of one's life neighbor,en,Two Lovers,8.290636,2008-11-19,3148182,110,6.6,154,Drama,2008,11,19,Joaquin Phoenix,male,James,male
1666,0,casino monte carlo painting caper independent film,en,The Good Thief,2.774811,2003-04-03,0,108,6,31,Drama,2003,4,3,Nick Nolte,male,Neil,male
477,8e+07,usa president atomic bomb john f. kennedy kubakrise threat,en,Thirteen Days,18.26121,2000-12-24,34566746,145,6.9,189,Drama,2000,12,24,Kevin Costner,male,Roger,male
1818,2.2e+07,factory concentration camp hero holocaust world war ii,en,Schindler's List,104.469351,1993-11-29,321365567,195,8.3,4329,Drama,1993,11,29,Liam Neeson,male,Steven,male
1046,4.5e+07,judge professor mission of murder supreme court,en,The Pelican Brief,17.923254,1993-12-16,195268056,141,6.3,371,Drama,1993,12,16,Julia Roberts,female,Alan,male
2105,2e+07,whip kidnapping slavery plantation night shift,en,12 Years a Slave,95.9229,2013-10-18,1.87e+08,134,7.9,3674,Drama,2013,10,18,Chiwetel Ejiofor,NA,Steve,male
1732,2.8e+07,sport ice hockey,en,"Mystery, Alaska",4.436792,1999-10-01,8888143,119,6,69,Drama,1999,10,1,Russell Crowe,male,Jay,male
2143,3.5e+07,cruise pilot ghost ship,en,Ghost Ship,27.724913,2002-10-25,68349884,91,5.3,531,Thriller,2002,10,25,Gabriel Byrne,male,Steve,male
2837,1.2e+07,woman director,en,Katy Perry: Part of Me,8.410688,2012-06-28,32726956,93,6.5,85,Music,2012,6,28,Katy Perry,female,Dan,male
3636,5e+06,suicide drug dealer redemption addict existentialism,en,Light Sleeper,6.063868,1992-08-21,0,103,5.7,15,Drama,1992,8,21,Willem Dafoe,male,Paul,male
2873,1.2e+07,independent film neighbor masturbation phone sex actress,en,Girl 6,2.993939,1996-03-22,4939939,108,5.7,16,Comedy,1996,3,22,Theresa Randle,female,Spike,male
4552,5e+05,NA,en,Girls Gone Dead,1.600171,2012-03-28,0,104,3.5,14,Comedy,2012,3,28,Katie Peterson,female,Michael,male
1375,3.5e+07,hero loyalty mockery supernatural powers high school,en,Sky High,11.041659,2005-07-29,86369815,100,5.8,550,Comedy,2005,7,29,Michael Angarano,male,Mike,male
1210,4e+07,amnesia mental institution patient trust false accusations,en,Gothika,27.303608,2003-11-21,141591324,98,5.8,629,Thriller,2003,11,21,Halle Berry,female,Mathieu,male
294,1e+08,fantasy miniature people,en,Epic,36.711378,2013-05-15,268426634,102,6.4,1121,Adventure,2013,5,15,Josh Hutcherson,male,Chris,male
832,5.5e+07,jealousy beauty immortality rivalry potion,en,Death Becomes Her,29.498304,1992-07-30,149022650,104,6.3,636,Comedy,1992,7,30,Meryl Streep,female,Robert,male
1581,5.3e+07,1970s war on drugs drug addiction drug traffic drug smuggle,en,Blow,28.350529,2001-04-04,83282296,124,7.4,1317,Drama,2001,4,4,Johnny Depp,male,Ted,male
1589,3e+07,love of animals horse identity crisis farm zebra,en,Racing Stripes,8.058109,2005-01-06,93772522,102,5.1,123,Comedy,2005,1,6,Frankie Muniz,male,Frederik,male
1008,4.9e+07,artificial intelligence android robot near future robot cop,en,Chappie,116.700319,2015-03-04,104399548,120,6.6,3062,Action,2015,3,4,Sharlto Copley,NA,Neill,male
961,4e+07,hippie exotic island beach map group dynamics,en,The Beach,41.362082,2000-02-11,144056873,119,6.3,1233,Drama,2000,2,11,Leonardo DiCaprio,male,Danny,male
4380,1e+06,fantasy enemy sister high school battlefield,en,The Battle of Shaker Heights,5.20209,2003-08-22,0,79,5.6,17,Drama,2003,8,22,Shia LaBeouf,male,Kyle,male
3577,4600000,shyness beach bicycle conversation friendship,en,The Way Way Back,32.14444,2013-06-06,23198652,103,7.1,688,Drama,2013,6,6,Liam James,male,Nat,male
173,1.3e+08,penguin musical aftercreditsstinger 3d,en,Happy Feet Two,17.7735,2011-11-17,150406466,100,5.8,373,Comedy,2011,11,17,Elijah Wood,male,George,male
3926,3e+06,poetry eroticism woman director,en,Kama Sutra - A Tale of Love,3.937939,1996-09-11,4109095,117,5.7,35,Drama,1996,9,11,Indira Varma,female,Mira,female
4224,1500000,medium evil spirit house warming aftercreditsstinger,en,Insidious,58.594852,2010-09-13,97009150,103,6.8,1737,Thriller,2010,9,13,Patrick Wilson,male,James,male
2723,0,woman director,en,The Caveman's Valentine,4.722403,2001-01-19,0,105,6,27,Drama,2001,1,19,Samuel L.,male,Kasi,female
2725,12806000,brother brother relationship paraplegic intensive care ladykiller wheelchair,es,The Sea Inside,17.363739,2004-09-03,38535221,125,7.2,219,Drama,2004,9,3,Javier Bardem,male,Alejandro,male
1634,3e+07,drug abuse mexican standoff junkie prison cell snow storm,en,Assault on Precinct 13,18.706504,2005-01-19,35294470,109,6,311,Thriller,2005,1,19,Ethan Hawke,male,Jean-Fran\u00e7ois,NA
2413,2e+07,survivor violence self help guru tricycle prosthetic arm,en,Saw: The Final Chapter,36.133536,2010-10-21,136150434,90,5.8,730,Crime,2010,10,21,Tobin Bell,male,Kevin,male
4450,0,NA,en,American Hero,5.023091,2015-12-11,0,86,5,62,Comedy,2015,12,11,Stephen Dorff,male,Nick,male
1621,1.9e+07,skateboarding adoption friendship fate,en,Dumb and Dumberer: When Harry Met Lloyd,15.67747,2003-06-13,39267515,85,4.1,210,Comedy,2003,6,13,Mimi Rogers,female,Troy,male
1317,3.8e+07,sailing trip diary sailing survival coming of age,en,White Squall,10.047579,1996-02-02,10300000,129,6.3,86,Drama,1996,2,2,Jeff Bridges,male,Ridley,male
3962,3e+06,drug dealer police killer illegal drugs dealer,en,Open Road,2.680629,2013-04-12,0,85,5.2,18,Drama,2013,4,12,Camilla Belle,female,M\u00e1rcio,NA
3402,7e+06,NA,ru,The Snow Queen,5.33861,2012-10-11,12400000,76,5.1,47,Fantasy,2012,10,11,Ivan Okhlobystin,male,Vladlen,NA
1523,3.2e+07,berlin corruption nazi background love of one's life chauffeur,en,The Good German,5.347936,2006-12-08,5914908,108,5.9,86,Drama,2006,12,8,George Clooney,male,Steven,male
2770,0,sport,en,Resurrecting the Champ,4.898437,2007-06-14,0,112,5.9,60,Drama,2007,6,14,Samuel L.,male,Rod,male
4181,0,chainsaw macabre uncle nephew relationship,en,Ed and His Dead Mother,0.023436,1993-06-04,0,93,5.5,12,Comedy,1993,6,4,Eric Christmas,male,Jonathan,male
4291,1200000,shotgun based on short film sadist pistol chained,en,Saw,63.655973,2004-10-01,103911669,103,7.2,2184,Crime,2004,10,1,Cary Elwes,male,James,male
3520,3500159,london england tradition indian lead culture clash immigration,en,Bend It Like Beckham,22.054546,2002-04-11,76578641,112,6.2,578,Drama,2002,4,11,Parminder Nagra,male,Gurinder,male
1502,3.2e+07,diving u.s. navy,en,Men of Honor,24.147269,2000-09-13,48814909,129,7,544,Drama,2000,9,13,Robert De,male,George,male
3756,6e+06,sport,en,3 Strikes,1.433692,2000-03-01,9e+06,82,5.9,15,Comedy,2000,3,1,Brian Hooks,male,DJ,male
3500,0,NA,en,Lucky Break,0.669169,2001-08-24,0,107,6.5,11,Comedy,2001,8,24,James Nesbitt,male,Peter,male
4107,2e+06,1970s teenage girl older man younger woman relationship based on graphic novel teenage sexuality,en,The Diary of a Teenage Girl,18.224326,2015-08-07,1477002,98,6.8,279,Drama,2015,8,7,Bel Powley,NA,Marielle,female
4613,2e+05,usa friendship survival scar family,en,Wendy and Lucy,0.713906,2008-05-22,0,80,6.4,64,Drama,2008,5,22,Michelle Williams,female,Kelly,female
490,8e+07,dying and death time travel romance dinosaur,en,A Sound of Thunder,7.342892,2005-05-15,5989640,110,4.8,111,Thriller,2005,5,15,Heike Makatsch,female,Peter,male
968,5e+07,detective secret fbi homicide evidence,en,Murder by Numbers,16.167093,2002-04-19,56714147,120,6,268,Drama,2002,4,19,Sandra Bullock,female,Barbet,NA
3732,0,obsession love obsessive love actor,en,Love and Death on Long Island,0.933891,1997-01-01,0,93,6.9,11,Drama,1997,1,1,John Hurt,male,Richard,male
3211,7e+06,taxi country music journalist guitar bar,en,Crazy Heart,17.697042,2009-12-16,39462438,112,6.8,274,Drama,2009,12,16,Jeff Bridges,male,Scott,male
2646,1.5e+07,NA,en,Silent Trigger,2.609057,1996-06-26,76382,93,5,22,Drama,1996,6,26,Dolph Lundgren,male,Russell,male
2509,15500000,small town mutant meteor meat alien,en,Slither,17.327279,2006-03-31,0,95,6.3,317,Comedy,2006,3,31,Nathan Fillion,male,James,male
2069,2.1e+07,japan time travel ninja,en,Teenage Mutant Ninja Turtles III,10.207065,1993-03-17,4.2e+07,96,5.1,184,Comedy,1993,3,17,Paige Turco,female,Stuart,male
2716,1.4e+07,shyness based on novel unrequited love neighbor family relationships,en,Flipped,24.210698,2010-08-06,1755212,89,7.4,418,Drama,2010,8,6,Madeline Carroll,female,Rob,male
3375,7e+06,film making film producer video surveillance sport interracial marriage,en,Redbelt,5.091253,2008-04-07,0,99,6.4,76,Drama,2008,4,7,Chiwetel Ejiofor,NA,David,male
2449,16500000,bowling based on novel servant country life jane austen,en,Sense and Sensibility,20.898711,1995-12-13,1.35e+08,136,7.2,352,Drama,1995,12,13,Kate Winslet,female,Ang,male
547,8.2e+07,brothel fantasy asylum reality escape,en,Sucker Punch,39.127082,2011-03-24,89792502,110,5.9,1623,Thriller,2011,3,24,Emily Browning,female,Zack,male
1909,2.5e+07,biography based on true story gangster twins,en,Legend,32.854557,2015-09-09,42972994,131,6.7,973,Thriller,2015,9,9,Tom Hardy,male,Brian,male
3276,8e+06,suicide depression independent film coming of age teen movie,en,It's Kind of a Funny Story,13.143045,2010-07-06,6491240,101,6.9,672,Drama,2010,7,6,Keir Gilchrist,male,Ryan,male
2902,1.2e+07,ocean florida autism key yacht,en,Triangle,25.496926,2009-10-16,0,99,6.9,612,Horror,2009,10,16,Melissa George,female,Christopher,male
3373,7e+06,based on novel biography,en,The Other Side of Heaven,2.206097,2001-04-12,4720371,113,6.7,14,Drama,2001,4,12,Christopher Gorham,male,Mitch,male
2219,2.1e+07,family relationships doctor retired visit widower,en,Everybody's Fine,15.440465,2009-12-04,0,99,6.5,284,Drama,2009,12,4,Robert De,male,Kirk,male
2567,0,witch video forest horror vision,en,Book of Shadows: Blair Witch 2,3.890223,2000-10-27,0,90,4.3,212,Thriller,2000,10,27,Kim Director,female,Joe,male
1616,4.5e+07,business man master thief thief ring,en,What's the Worst That Could Happen?,7.185212,2001-05-31,0,94,5.1,66,Comedy,2001,5,31,Martin Lawrence,male,Sam,male
3081,1e+07,japan forest,en,The Forest,19.865989,2016-01-07,40055439,95,4.8,448,Thriller,2016,1,7,Natalie Dormer,female,Jason,male
3774,4e+06,christianity homophobia pastor protest christian,en,Red State,12.062371,2011-08-19,1104682,88,5.9,316,Thriller,2011,8,19,Michael Parks,male,Kevin,male
866,5.5e+07,NA,en,Bullet to the Head,22.503935,2013-01-31,9489829,92,5.2,481,Thriller,2013,1,31,Sylvester Stallone,male,Walter,male
2835,0,holiday future musical past scrooge,en,The Muppet Christmas Carol,15.085981,1992-12-10,27281507,85,7.2,212,Drama,1992,12,10,Michael Caine,male,Brian,male
4504,0,NA,en,Light from the Darkroom,0.012942,2014-01-01,0,0,0,0,NA,2014,1,1,NA,NA,NA,NA
14,2.25e+08,saving the world dc comics superhero based on comic book superhuman,en,Man of Steel,99.398009,2013-06-12,662845518,143,6.5,6359,Action,2013,6,12,Henry Cavill,male,Zack,male
200,1.25e+08,resistance post-apocalyptic dystopia war sequel,en,The Hunger Games: Mockingjay - Part 1,206.227151,2014-11-18,752100229,123,6.6,5584,Thriller,2014,11,18,Jennifer Lawrence,female,Francis,male
4477,750000,suicide attempt gun texas mass murder farm worker,en,All the Boys Love Mandy Lane,12.284939,2008-02-15,0,90,5.7,209,Thriller,2008,2,15,Amber Heard,female,Jonathan,male
4088,2700000,paris journalist dialogue talking soulmates,en,Before Sunset,14.799323,2004-02-10,15992615,80,7.6,718,Drama,2004,2,10,Ethan Hawke,male,Richard,male
1135,4.2e+07,cold war weapon arms dealer,en,Lord of War,34.828241,2005-09-16,24127895,122,7,1335,Drama,2005,9,16,Nicolas Cage,male,Andrew,male
2058,2.2e+07,prison fire manipulation seduction vegetarian,en,Stone,12.445176,2010-10-07,9479718,105,5.2,192,Drama,2010,10,7,Frances Conroy,female,John,male
757,0,women baseball pitcher home run aging,en,Trouble with the Curve,18.587114,2012-09-21,0,111,6.6,366,Drama,2012,9,21,Clint Eastwood,male,Robert,male
4134,0,female nudity horror dark comedy female homosexuality female vampire,en,Lesbian Vampire Killers,6.632891,2009-03-16,0,86,5.3,124,Comedy,2009,3,16,James Corden,male,Phil,male
2961,0,small town fishing male friendship australia marriage crisis,en,Jindabyne,8.950864,2006-07-20,0,123,5.7,25,Drama,2006,7,20,Laura Linney,female,Ray,male
453,0,robbery investigation inspector killer clouseau,en,The Pink Panther,25.450534,2006-01-18,0,93,5.6,550,Comedy,2006,1,18,Steve Martin,male,Shawn,male
4506,0,NA,en,The Maid's Room,1.501688,2014-08-08,0,98,4.8,4,Thriller,2014,8,8,Paula Garc\u00e9s,female,Michael,male
12,2e+08,witch fortune teller bondage exotic island monster,en,Pirates of the Caribbean: Dead Man's Chest,145.847379,2006-06-20,1065659812,151,7,5246,Action,2006,6,20,Johnny Depp,male,Gore,NA
1076,2.5e+07,bank mobile phone telephone weapon police,en,Cellular,24.459948,2004-09-06,56422687,94,6.1,537,Thriller,2004,9,6,Chris Evans,male,David,male
374,9e+07,brazil pet bird musical canary,en,Rio,46.200042,2011-04-03,484635760,96,6.5,2166,Comedy,2011,4,3,Jesse Eisenberg,male,Carlos,male
4118,0,NA,en,Hum To Mohabbat Karega,0.001186,2000-05-26,0,0,0,0,NA,2000,5,26,NA,NA,NA,NA
2053,2.2e+07,holiday world war i hostility singer singing,fr,Joyeux NoÃ«l,13.960945,2005-11-09,17709155,116,7.2,212,Drama,2005,11,9,Diane Kruger,female,Christian,male
534,7.5e+07,prison,en,Bandits,24.353302,2001-10-12,67631903,123,6.2,302,Comedy,2001,10,12,Bruce Willis,male,Barry,male
1240,3.5e+07,england sister sister relationship queen kingdom henry viii,en,The Other Boleyn Girl,22.939557,2008-02-28,0,115,6.4,477,Drama,2008,2,28,Natalie Portman,female,Justin,male
1180,4e+07,overweight beauty hypnosis overweight man overweight woman,en,Shallow Hal,29.854773,2001-11-01,141069860,114,5.7,731,Comedy,2001,11,1,Gwyneth Paltrow,female,Bobby,male
95,1.65e+08,saving the world artificial intelligence father son relationship single parent nasa,en,Interstellar,724.247784,2014-11-05,675120017,169,8.1,10867,Drama,2014,11,5,Matthew McConaughey,male,Christopher,male
112,1.55e+08,aristotle egypt greece persia elephant,en,Alexander,39.019229,2004-11-21,167298192,175,5.6,927,Drama,2004,11,21,Colin Farrell,male,Oliver,male
2133,2.5e+07,terror loss of mother gun morocco deaf-mute,en,Babel,25.785925,2006-09-08,135330182,143,6.9,1055,Drama,2006,9,8,Brad Pitt,male,Alejandro,male
2273,2e+07,NA,en,Hands of Stone,7.444189,2016-08-26,0,105,6.1,109,Drama,2016,8,26,Robert De,male,Jonathan,male
646,6.5e+07,age difference midlife crisis suppressed past self-awareness childhood memory,en,The Kid,18.281798,2000-07-07,69700000,104,6,238,Comedy,2000,7,7,Bruce Willis,male,Jon,male
2231,0,tv show bigfoot,en,Strange Wilderness,4.961306,2008-02-01,6575282,87,4.7,69,Comedy,2008,2,1,Steve Zahn,male,Fred,male
3718,0,NA,en,Fugly,0.371337,2014-06-13,0,134,5.3,2,Drama,2014,6,13,Jimmy Shergill,male,Kabir,male
4660,0,helping animals,en,Give Me Shelter,0.278981,2014-06-24,0,90,0,0,Documentary,2014,6,24,Katie Cleary,female,Kristin,female
4586,3.5e+07,casino hotel roommate fictitious marriage romantic comedy,da,What Happens in Vegas,38.100488,2008-05-07,1.7e+08,99,5.8,923,Comedy,2008,5,7,Ashton Kutcher,male,Tom,male
802,7e+07,deadbeat dad cheating fianc\u00e9e teacher student sex brother sister incest,en,That's My Boy,21.723897,2012-06-14,58058367,116,5.5,453,Comedy,2012,6,14,Adam Sandler,male,Sean,male
96,1.6e+08,loss of lover dream kidnapping sleep subconsciousness,en,Inception,167.58371,2010-07-14,825532764,148,8.1,13752,Thriller,2010,7,14,Leonardo DiCaprio,male,Christopher,male
3652,5e+06,NA,en,Decoys,3.05434,2004-02-27,0,95,4.7,33,Thriller,2004,2,27,Kim Poirier,female,Matthew,male
2997,1e+07,suicide england fire country house shower,en,The Boy,38.179483,2016-01-22,64188367,97,5.8,1102,Thriller,2016,1,22,Lauren Cohan,female,William,male
1302,3.8e+07,spy experiment island secret organization wretch,en,Spy Kids 2: The Island of Lost Dreams,24.085144,2002-08-07,119723358,100,5.3,521,Action,2002,8,7,Antonio Banderas,male,Robert,male
2436,0,sport,en,Bobby Jones: Stroke of Genius,2.897449,2004-04-30,0,120,5.5,19,Drama,2004,4,30,Jim Caviezel,male,Rowdy,male
2041,2.2e+07,journalist cat ransom kidnapping ancient rome,en,"Hail, Caesar!",39.006187,2016-02-05,63647656,106,5.7,1309,Drama,2016,2,5,Josh Brolin,male,Joel,male
2532,1.8e+07,depression mother daughter relationship pregnant desire chalkboard,en,Little Women,16.418639,1994-12-21,0,115,7,215,Drama,1994,12,21,Winona Ryder,female,Gillian,female
1031,3.8e+07,karaoke marriage proposal new love love of one's life kiss,en,My Best Friend's Wedding,15.401855,1997-06-19,299288605,105,6.3,584,Comedy,1997,6,19,Julia Roberts,female,P.J.,NA
3417,4e+06,slum police brutality brazilian war on drugs rio de janeiro,pt,Elite Squad,23.604936,2007-10-12,0,115,7.8,504,Drama,2007,10,12,Wagner Moura,male,Jos\u00e9,NA
2118,2e+07,deja vu dying and death time travel loss of husband car crash,en,Premonition,22.049787,2007-02-08,84146832,96,5.8,381,Drama,2007,2,8,Sandra Bullock,female,Mennan,NA
593,7e+07,adultery infidelity secret investigation friendship,en,The Dilemma,14.780634,2011-01-13,67112664,111,5.2,304,Drama,2011,1,13,Kevin James,male,Ron,male
42,2e+08,hostage college toy barbie animation,en,Toy Story 3,59.995418,2010-06-16,1066969703,103,7.6,4597,Comedy,2010,6,16,Tom Hanks,male,Lee,male
3261,0,based on novel uruguay,en,The City of Your Final Destination,1.353971,2009-03-21,0,114,5.7,9,Drama,2009,3,21,Nicholas Blandullo,male,James,male
2696,1.1e+07,places and planets space marine future cryogenics space,en,Jason X,11.220643,2001-07-24,16951798,91,4.5,291,Fiction,2001,7,24,Kane Hodder,male,James,male
1007,0,based on novel st. petersburg russia high society imperial russia tragic death,en,Anna Karenina,26.38704,2012-09-06,68929150,130,6.5,639,Drama,2012,9,6,Keira Knightley,female,Joe,male
2232,0,prostitute musical biography telephone call cigar smoking,en,Topsy-Turvy,8.628519,1999-09-03,0,160,6.7,41,Drama,1999,9,3,Allan Corduner,male,Mike,male
4793,0,confession hazing gang member latino lgbt,en,On The Downlow,0.029757,2004-04-11,0,90,6,2,Drama,2004,4,11,Tony Sancho,male,Tadeo,male
1550,3e+07,africa indigenous human animal relationship bat,en,Ace Ventura: When Nature Calls,34.391792,1995-11-10,212385533,90,6.1,1099,Comedy,1995,11,10,Jim Carrey,male,Steve,male
3003,9e+06,concert teenager one night based on young adult novel secret location,en,Nick and Norah's Infinite Playlist,20.452449,2008-10-03,32973937,89,6.4,379,Comedy,2008,10,3,Michael Cera,male,Peter,male
407,9e+07,life and death love at first sight broken engagement fireworks religion and supernatural,en,Meet Joe Black,36.069611,1998-11-12,142940100,178,6.9,1147,Drama,1998,11,12,Brad Pitt,male,Martin,male
4125,0,NA,en,The Lost Medallion: The Adventures of Billy Stone,2.952932,2013-03-01,0,97,5.6,13,Adventure,2013,3,1,William Brent,male,Bill,male
3887,4e+06,london england alcohol sex based on novel drug addiction,en,Trainspotting,63.513324,1996-02-23,16491080,93,7.8,2655,Drama,1996,2,23,Ewan McGregor,male,Danny,male
4391,0,swimming pool tea kettle conga line spit in the face convenience store robbery,en,The Perfect Host,6.507094,2010-07-01,14870,93,6.2,135,Comedy,2010,7,1,David Hyde,male,Nick,male
1575,0,texas telegram despair leaving one's family funeral,en,Hope Floats,7.922716,1998-05-29,0,114,5.8,81,Drama,1998,5,29,Sandra Bullock,female,Forest,male
1170,4e+07,venice italy gay new york lovesickness,en,The Talented Mr. Ripley,31.385257,1999-12-25,128798265,139,7,767,Drama,1999,12,25,Matt Damon,male,Anthony,male
1566,3e+07,wife husband relationship channel surfing mullet spiritual journey life changing,en,About Schmidt,19.925026,2002-12-13,105834556,125,6.7,362,Drama,2002,12,13,Jack Nicholson,male,Alexander,male
4616,0,woman director,en,Sisters in Law,0.025211,2005-09-03,0,104,7.3,2,Documentary,2005,9,3,NA,NA,Kim,female
158,1.5e+08,spacecraft teleportation space mission parachute time travel,en,Star Trek,73.616808,2009-05-06,385680446,127,7.4,4518,Action,2009,5,6,Chris Pine,male,J.J.,NA
2262,0,little boy ufo extraterrestrial,cn,CJ7,12.373248,2008-01-30,47301471,86,6.1,107,Drama,2008,1,30,Stephen Chow,male,Stephen,male
2044,2.2e+07,based on novel vampire bite independent film fang vamp,en,The Little Vampire,4.365196,2000-10-27,13555988,95,6.1,77,Horror,2000,10,27,Richard E.,male,Uli,female
2226,0,NA,en,Doogal,1.682839,2006-02-24,0,85,3.2,18,Family,2006,2,24,Daniel Tay,male,Frank,male
2653,2e+07,3d khumba,en,Khumba,6.459787,2013-07-18,27187375,85,5.8,72,Adventure,2013,7,18,Jake T.,male,Anthony,male
2612,2e+07,gay bikini cruise ship babes,en,Boat Trip,7.034752,2002-10-01,8586376,94,4.7,146,Comedy,2002,10,1,Cuba Gooding,female,Mort,male
1947,0,global warming sea turtle 3d,en,A Turtle's Tale: Sammy's Adventures,15.805449,2010-08-03,0,88,5.6,151,Family,2010,8,3,Yuri Lowenthal,female,Ben,male
1213,4e+07,predator national guard hybrid alien morgue,en,Aliens vs Predator: Requiem,39.381913,2007-12-25,41797066,94,4.9,740,Thriller,2007,12,25,Steven Pasquale,male,Colin,male
1738,2.8e+07,buddhism china mountains buddhist monk tibet,en,Kundun,7.039189,1997-12-25,5684789,134,6.8,91,Drama,1997,12,25,Tenzin Thuthob,male,Martin,male
4386,1e+06,biography antarctica,en,Antarctica: A Year on Ice,1.883947,2013-09-05,0,92,7.2,29,Drama,2013,9,5,Genevieve Bachman,female,Anthony,male
4758,4e+06,hacker supernatural powers road trip independent film superpower,en,The Signal,27.662696,2014-03-15,600896,95,5.8,631,Thriller,2014,3,15,Brenton Thwaites,male,William,male
2321,0,holiday christmas,en,The Family Stone,14.190837,2005-12-14,0,103,6.2,249,Drama,2005,12,14,Claire Danes,female,Thomas,male
890,5.2e+07,jealousy chance wish change man change,en,The Change-Up,32.015477,2011-08-05,75450437,112,5.9,736,Comedy,2011,8,5,Olivia Wilde,female,David,male
2398,2.4e+07,assassin secret identity intelligence soviet union russia,en,Hitman,42.669304,2007-11-21,99965753,89,5.9,966,Drama,2007,11,21,Timothy Olyphant,male,Xavier,male
3429,0,loss of family emigration world war ii jew national socialism,de,Nowhere in Africa,3.481517,2001-12-11,0,140,7,32,Drama,2001,12,11,Juliane K\u00f6hler,female,Caroline,female
3420,6500000,street gang black people rap music hip-hop street war,en,Boyz n the Hood,17.705671,1991-07-12,57504069,112,7.4,364,Drama,1991,7,12,Laurence Fishburne,male,John,male
1540,3e+07,sex party summer beach house group of friends,en,American Pie 2,36.432598,2001-08-10,287553595,108,6,1344,Comedy,2001,8,10,Jason Biggs,male,J.B.,NA
308,1.05e+08,undercover undercover agent extreme sports fbi agent 3d,en,Point Break,33.507289,2015-12-03,133718711,114,5.5,783,Thriller,2015,12,3,Edgar Ram\u00edrez,male,Ericson,male
3207,8.6e+07,NA,en,Awake,18.172736,2007-11-28,14373825,84,6.3,395,Thriller,2007,11,28,Hayden Christensen,male,Joby,male
3789,9500000,rape obsession lie job independent film,en,Trust,21.230737,2010-09-10,120000,104,6.6,307,Drama,2010,9,10,Clive Owen,male,David,male
4346,1e+06,individual gay new york usa missionary,en,Transamerica,9.773398,2005-12-23,13350369,103,6.9,144,Drama,2005,12,23,Felicity Huffman,female,Duncan,male
2435,1.7e+07,ice hockey racism pedophile throat slitting shot in the stomach,en,Running Scared,19.311572,2006-01-06,9500000,122,7,331,Drama,2006,1,6,Paul Walker,male,Wayne,male
604,7.5e+07,cold flu lethal virus construction worker,en,Osmosis Jones,10.54544,2001-08-07,13596911,95,5.9,228,Comedy,2001,8,7,Chris Rock,male,Bobby,male
349,9e+07,himalaya photographer magazine iceland daydream,en,The Secret Life of Walter Mitty,43.348022,2013-12-18,188133322,114,7,3144,Drama,2013,12,18,Ben Stiller,male,Ben,male
2711,0,vatican pope concentration camp holocaust schutzstaffel,fr,Amen.,5.930533,2002-02-13,0,132,7.1,75,Drama,2002,2,13,Ulrich Tukur,male,Costa-Gavras,NA
3053,6e+06,slapstick ensemble cast duringcreditsstinger woman director laxative,en,Movie 43,35.350303,2013-01-01,32438988,90,4.4,797,Comedy,2013,1,1,Anna Faris,female,Griffin,male
1350,0,journalist japanese wife fisherman war,en,Snow Falling on Cedars,2.79483,1999-12-22,0,127,6.3,32,Drama,1999,12,22,Ethan Hawke,male,Scott,male
3437,6500000,NA,en,Tracker,2.074295,2010-05-20,0,102,6,16,Drama,2010,5,20,Ray Winstone,male,Ian,male
3836,0,NA,en,I Got the Hook Up,0.593068,1998-05-27,0,93,5.4,8,Comedy,1998,5,27,Master P,male,Michael,male
2965,0,loss of child solar eclipse haunted house family psychopathy,en,Darkness,6.340135,2002-10-02,0,102,5.6,112,Horror,2002,10,2,Anna Paquin,female,Jaume,NA
1489,3.3e+07,competition airport air controller adversary,en,Pushing Tin,9.060642,1999-04-23,0,124,5.7,116,Drama,1999,4,23,John Cusack,male,Mike,male
206,1.25e+08,hades mythology greek mythology zeus medusa,en,Clash of the Titans,47.686442,2010-04-01,232713139,106,5.6,2233,Action,2010,4,1,Sam Worthington,male,Louis,male
2277,2.7e+07,terror raf 1970s,de,The Baader Meinhof Complex,7.727035,2008-09-24,0,150,7.1,157,Drama,2008,9,24,Martina Gedeck,female,Uli,female
3923,0,site of pilgrimage widow varanasi hinduism child bride,en,Water,2.787375,2005-09-08,10422387,115,6.8,34,Drama,2005,9,8,Lisa Ray,female,Deepa,female
339,9.2e+07,secret identity secret hero island wretch,en,The Incredibles,77.817571,2004-11-05,631442092,115,7.4,5152,Action,2004,11,5,Craig T.,male,Brad,male
4198,1e+06,NA,hi,The Lunchbox,14.017809,2013-09-19,4235151,104,7.3,221,Drama,2013,9,19,Irrfan Khan,NA,Ritesh,male
1839,2.5e+07,beheading dying and death stroke of fate,en,Final Destination 3,31.64341,2006-02-10,117719158,93,5.8,974,Horror,2006,2,10,Mary Elizabeth,female,James,male
2938,2.4e+07,female nudity tattoo radio cheat on husband eating contest,en,The Ladies Man,2.259537,2000-10-13,13700000,84,5.7,34,Comedy,2000,10,13,Tim Meadows,male,Reginald,male
4472,5e+05,hotel wife husband relationship hitman infection forest,en,Kill List,12.203041,2011-09-02,171760,95,6,210,Thriller,2011,9,2,Neil Maskell,male,Ben,male
230,1.2e+08,senate investigation army death star jedi,en,Star Wars: Episode II - Attack of the Clones,43.987061,2002-05-15,649398328,142,6.4,3992,Action,2002,5,15,Ewan McGregor,male,George,male
4684,0,terror horror fear wood grove,pt,American Beast,0.018716,2014-10-21,0,89,0,0,Horror,2014,10,21,Armin Habibovich,male,Livingston,male
2557,1.5e+07,biography,en,The Great Debaters,10.84158,2007-12-27,30226144,126,6.9,151,Drama,2007,12,27,Denzel Washington,male,Denzel,male
2786,1.3e+07,judge small town con man fraud jail,en,I Love You Phillip Morris,19.664699,2009-01-18,10652035,98,6.4,503,Drama,2009,1,18,Jim Carrey,male,Glenn,male
2674,1.3e+07,love at first sight loss of brother breakdance daughter,en,Stomp the Yard,6.92205,2007-05-16,75511123,114,6.1,88,Drama,2007,5,16,Columbus Short,male,Sylvain,male
920,5e+07,gorilla kongo diamond mine diamond,en,Congo,10.755847,1995-06-09,152022101,109,5,213,Drama,1995,6,9,Laura Linney,female,Frank,male
3472,0,artist success relationship problems alcoholism independent film,en,Pollock,8.483531,2000-09-06,0,122,6.6,91,Drama,2000,9,6,Ed Harris,male,Ed,male
91,1.65e+08,alternate history alien invasion,en,Independence Day: Resurgence,48.775723,2016-06-22,389681935,120,4.9,2491,Action,2016,6,22,Liam Hemsworth,male,Roland,male
2788,12500000,u.s. navy biography,en,Antwone Fisher,13.349012,2002-12-19,23367586,120,6.7,137,Drama,2002,12,19,Derek Luke,male,Denzel,male
93,2e+08,saving the world artificial intelligence man vs machine cyborg killer robot,en,Terminator 3: Rise of the Machines,69.405188,2003-07-02,4.35e+08,109,5.9,2143,Thriller,2003,7,2,Arnold Schwarzenegger,male,Jonathan,male
2027,2.2e+07,foster parents pro bono new baby social services learning,en,I Am Sam,26.071644,2001-12-28,92542418,132,7.2,530,Drama,2001,12,28,Sean Penn,male,Jessie,female
1532,3e+07,hotel painting wartime gunfight theft,en,The Grand Budapest Hotel,74.417456,2014-02-26,174600318,99,8,4519,Drama,2014,2,26,Ralph Fiennes,male,Wes,male
4413,0,NA,en,Childless,0.243853,2015-04-03,0,90,4.5,2,NA,2015,4,3,Barbara Hershey,female,Charlie,male
1709,3e+07,NA,ja,Space Pirate Captain Harlock,14.726338,2013-09-07,17137302,115,6.5,356,Fiction,2013,9,7,Shun Oguri,male,Shinji,male
4482,7e+05,independent film,en,L.I.E.,7.731064,2001-01-20,1667192,97,6.7,31,Drama,2001,1,20,Paul Dano,male,Michael,male
4611,0,NA,en,The Big Swap,0.627763,1998-06-11,0,0,0,0,NA,1998,6,11,Mark Adams,male,Niall,male
3557,5e+06,disgust pain stunts music video stuntman,en,Jackass: The Movie,14.752587,2002-10-21,64282312,87,6.1,345,Comedy,2002,10,21,Johnny Knoxville,male,Jeff,male
3042,5e+06,detective stalker gift bully psychological thriller,en,The Gift,27.247013,2015-07-30,58978653,108,6.7,1049,Thriller,2015,7,30,Jason Bateman,male,Joel,male
4106,2e+06,white house occupying power independent film incompetence irak,en,No End in Sight,2.283796,2007-07-27,1431623,102,7.2,23,Documentary,2007,7,27,Campbell Scott,female,Charles,male
103,1.5e+08,witch fire wolf fountain magic,en,The Sorcerer's Apprentice,35.580815,2010-07-13,215283742,109,5.8,1470,Drama,2010,7,13,Nicolas Cage,male,Jon,male
1002,4.9e+07,dual identity,en,The One,21.746245,2001-11-02,72700000,87,5.7,437,Thriller,2001,11,2,Jet Li,male,James,male
710,6e+07,workaholic second chance guardian angel christmas career vs family,en,The Family Man,19.705489,2000-12-12,0,125,6.5,521,Drama,2000,12,12,Nicolas Cage,male,Brett,male
3386,0,servant time travel clumsy fellow middle ages nobility,fr,The Visitors,8.893676,1993-01-27,0,107,7.1,420,Comedy,1993,1,27,Jean Reno,female,Jean-Marie,NA
1561,3.5e+07,double life pop star musical tennessee teenage girl,en,Hannah Montana: The Movie,13.788422,2009-04-10,155545279,102,6,449,Drama,2009,4,10,Miley Cyrus,female,Peter,male
2577,0,NA,en,Tuck Everlasting,4.115398,2002-10-11,0,90,6.4,128,Drama,2002,10,11,Alexis Bledel,female,Jay,male
69,1.7e+08,library clock film director key toy,en,Hugo,32.319043,2011-11-22,185770160,126,7,2141,Drama,2011,11,22,Ben Kingsley,male,Martin,male
652,50100000,seduction con man femme fatale deception rivalry,en,Focus,59.634029,2015-02-25,153962963,105,6.7,2542,Drama,2015,2,25,Will Smith,male,Glenn,male
4300,1200000,traitor jewelry psychopath thief heist,en,Reservoir Dogs,66.925866,1992-09-02,14661007,99,8,3697,Thriller,1992,9,2,Harvey Keitel,male,Quentin,male
885,5.2e+07,bowling chicago american football flat baseball,en,The Break-Up,26.251217,2006-06-01,204999686,106,5.6,832,Comedy,2006,6,1,Vince Vaughn,male,Peyton,female
1832,2.5e+07,chocolate mayor praline single mother daughter relationship,en,Chocolat,28.727731,2000-12-14,152500343,121,6.8,951,Drama,2000,12,14,Juliette Binoche,female,Lasse,male
659,6.5e+07,assassination amnesia hostage chase dark comedy,en,The Long Kiss Goodnight,15.858629,1996-10-11,89456761,120,6.5,314,Thriller,1996,10,11,Geena Davis,female,Renny,male
424,8e+07,tattoo martial arts sniper island mercenary,en,The Expendables,77.580661,2010-08-03,274470394,103,6,2926,Thriller,2010,8,3,Sylvester Stallone,male,Sylvester,male
3208,0,war space opera clone troopers,en,Star Wars: Clone Wars: Volume 1,1.881466,2005-03-21,0,69,8,27,Action,2005,3,21,Tom Kane,male,Genndy,NA
3283,8e+06,indian territory beach stetson san fernando valley strange person,en,Down in the Valley,7.433574,2005-05-13,852872,112,5.9,63,Drama,2005,5,13,Edward Norton,male,David,male
462,8e+07,senator gulf war canoe kuwait conspiracy,en,The Manchurian Candidate,21.394281,2004-07-30,96105964,129,6.2,393,Drama,2004,7,30,Denzel Washington,male,Jonathan,male
378,1e+08,submarine soviet union core melt north atlantic nuclear,en,K-19: The Widowmaker,15.625949,2002-07-19,35168966,138,6.1,264,Drama,2002,7,19,Harrison Ford,male,Kathryn,female
1721,2.8e+07,pizza delivery adventure pizza boy number in title comedy,en,30 Minutes or Less,25.039383,2011-08-11,40547440,83,5.6,531,Comedy,2011,8,11,Jesse Eisenberg,male,Ruben,male
445,8e+07,beach fictitious marriage blackmail plastic surgery marriage,en,Just Go with It,37.02665,2011-02-10,214918407,117,6.3,1543,Comedy,2011,2,10,Adam Sandler,male,Dennis,male
4423,1e+06,small town rock star musical idol teenager,en,Bang Bang Baby,0.973323,2014-09-08,0,90,6.6,8,Drama,2014,9,8,Jane Levy,female,Jeffrey,male
3505,0,asia island mercenary independent film jungle,en,Men of War,1.734764,1994-09-04,0,103,5.4,29,Thriller,1994,9,4,Dolph Lundgren,male,Perry,male
4025,0,muslim museum jew evidence rabbi,en,Religulous,9.774126,2008-10-01,0,101,7.2,197,Comedy,2008,10,1,Bill Maher,male,Larry,male
4208,0,gay,he,The Bubble,1.49436,2006-06-06,0,114,7.6,20,Drama,2006,6,6,Ohad Knoller,male,Eytan,male
2138,0,police brutality psychology police operation police protection serial killer,en,Copycat,14.211699,1995-10-27,0,124,6.4,194,Drama,1995,10,27,Sigourney Weaver,female,Jon,male
4760,0,NA,en,This Is Martin Bonner,0.76368,2013-06-28,0,83,6.6,4,Drama,2013,6,28,Paul Eenhoorn,male,Chad,male
4781,22000,dating divorce sex scene sex comedy anti romantic comedy,en,Dry Spell,0.048948,2013-02-14,0,90,6,1,Comedy,2013,2,14,Suzi Lorraine,female,Travis,male
1482,3e+07,alien invasion american abroad moscow unlikely heroes failed business,en,The Darkest Hour,23.328823,2011-12-22,64626786,89,4.8,469,Thriller,2011,12,22,Emile Hirsch,male,Chris,male
4773,27000,salesclerk loser aftercreditsstinger,en,Clerks,19.748658,1994-09-13,3151130,92,7.4,755,Comedy,1994,9,13,Brian O'Halloran,male,Kevin,male
2428,1.7e+07,male nudity female nudity tattoo gambling corruption,en,Brooklyn's Finest,18.790102,2009-01-16,29536299,133,6.2,293,Drama,2009,1,16,Richard Gere,male,Antoine,male
1013,5e+07,based on novel soviet union russian murder serial killer,en,Child 44,40.371098,2015-03-15,3324330,137,6.1,547,Thriller,2015,3,15,Tom Hardy,male,Daniel,male
2137,2e+07,sequel gore leatherface slasher chainsaw,en,Texas Chainsaw 3D,26.497025,2013-01-03,47241945,92,5.3,465,Thriller,2013,1,3,Alexandra Daddario,female,John,male
2122,2e+07,NA,en,Epic Movie,6.064638,2007-01-25,86865564,86,3.2,326,Comedy,2007,1,25,Kal Penn,male,Jason,male
2583,1.5e+07,cia retired agent,en,The November Man,45.317278,2014-08-27,32556119,108,6,639,Thriller,2014,8,27,Pierce Brosnan,male,Roger,male
34,2e+08,monster dormitory games animation best friend,en,Monsters University,89.186492,2013-06-20,743559607,104,7,3528,Family,2013,6,20,Billy Crystal,male,Dan,male
883,5.2e+07,con man biography fbi agent overhead camera shot attempted jailbreak,en,Catch Me If You Can,73.944049,2002-12-25,352114312,141,7.7,3795,Drama,2002,12,25,Leonardo DiCaprio,male,Steven,male
2606,1.5e+07,music life's dream aspiring singer singer teenager,en,Raise Your Voice,10.9071,2004-08-10,14867514,103,6,211,Drama,2004,8,10,Hilary Duff,female,Sean,male
4250,0,usa capitalism department store protest community,en,Wal-Mart: The High Cost of Low Price,1.404175,2005-11-04,0,98,6.9,24,Documentary,2005,11,4,Lee Scott,male,Robert,male
2278,2.2e+07,countryside based on novel suicide attempt culture clash loss of family,en,Dances with Wolves,45.707835,1990-11-09,424208848,181,7.6,1046,Drama,1990,11,9,Kevin Costner,male,Kevin,male
2259,0,sport,en,The Game of Their Lives,2.013405,2005-01-01,0,101,5.8,14,Drama,2005,1,1,Gerard Butler,male,David,male
3580,0,journalism dance daydream friendship pollution,en,Doug's 1st Movie,1.88484,1999-03-26,0,77,5.4,22,Comedy,1999,3,26,Thomas McHugh,male,Maurice,male
3325,8e+06,butler dublin maid,en,Albert Nobbs,7.802245,2011-12-21,5634828,113,6.2,132,Drama,2011,12,21,Glenn Close,male,Rodrigo,male
2274,2e+07,new year's eve fire showdown terrorist embassy,en,Survivor,33.625477,2015-05-21,0,96,5.4,404,Thriller,2015,5,21,Pierce Brosnan,male,James,male
1854,0,prison diamant liberation of prisoners transport of prisoners interview,en,Money Talks,7.615653,1997-08-22,0,97,5.9,87,Comedy,1997,8,22,Chris Tucker,male,Brett,male
2765,1.3e+07,new york sex nightclub money drug,en,54,11.880899,1998-08-28,16757163,106,5.5,135,Drama,1998,8,28,Ryan Phillippe,male,Mark,male
4387,650000,pop culture fan culture documentary toys,en,A LEGO Brickumentary,1.631274,2015-07-31,0,93,6.4,55,Documentary,2015,7,31,Jason Bateman,male,Kief,male
1022,4.7e+07,prison prostitute karaoke dark comedy cable guy,en,The Cable Guy,19.525659,1996-06-10,102825796,96,5.7,594,Drama,1996,6,10,Jim Carrey,male,Ben,male
2416,1.7e+07,based on novel love beautiful woman curse teenager,en,Beastly,24.054062,2011-01-21,43165571,86,6,849,Drama,2011,1,21,Alex Pettyfer,male,Daniel,male
110,1.4e+08,nurse patriotism hawaii world war ii pilot,en,Pearl Harbor,34.20669,2001-05-21,449220945,183,6.6,1791,Romance,2001,5,21,Ben Affleck,male,Michael,male
2544,1.6e+07,underdog ball kiss high school school party,en,Not Another Teen Movie,23.423082,2001-12-07,66468332,89,5.5,431,Comedy,2001,12,7,Chyler Leigh,female,Joel,male
1522,0,NA,en,Cradle Will Rock,4.901553,1999-12-10,0,132,7.2,18,Drama,1999,12,10,Hank Azaria,male,Tim,male
3172,9e+06,politics suspense,en,The Contender,7.029126,2000-10-13,0,126,6.7,60,Drama,2000,10,13,Gary Oldman,male,Rod,male
2161,0,australian chase,en,Quigley Down Under,11.360997,1990-10-17,0,119,6.5,119,Drama,1990,10,17,Tom Selleck,male,Simon,male
952,5e+07,detective undercover security camera carousel  investigation,en,Beverly Hills Cop III,20.333953,1994-05-24,119208989,104,5.5,434,Comedy,1994,5,24,Eddie Murphy,male,John,male
2355,1.8e+07,virgin cheerleader graduation high school aspen,en,"I Love You, Beth Cooper",14.15192,2009-07-10,0,102,5.1,197,Comedy,2009,7,10,Hayden Panettiere,male,Chris,male
1500,3.2e+07,rape monster panic friendship celebrity,en,This Is the End,38.21708,2013-06-12,126041322,107,6.3,2359,Comedy,2013,6,12,James Franco,male,Seth,male
922,5e+07,cataclysm code suspense end of the world time capsule,en,Knowing,32.693093,2009-03-19,155446362,121,5.9,1486,Drama,2009,3,19,Nicolas Cage,male,Alex,male
4179,0,teenage love,ta,Vaalu,0.320387,2015-08-14,0,155,6.7,5,Comedy,2015,8,14,Silambarasan Hansika,NA,Vijay,male
739,6e+07,london england terrorist terrorist attack,en,London Has Fallen,61.849521,2016-03-02,205754447,99,5.8,1621,Thriller,2016,3,2,Gerard Butler,male,Babak,male
330,7.9e+07,elves orcs middle-earth (tolkien) hobbit based on novel,en,The Lord of the Rings: The Two Towers,106.914973,2002-12-18,926287400,179,8,7487,Action,2002,12,18,Elijah Wood,male,Peter,male
608,7e+07,male nudity sex legs soho london playing god,en,Basic Instinct 2,13.483387,2006-03-29,38629478,114,4.6,180,Thriller,2006,3,29,Sharon Stone,female,Michael,male
4051,0,christian film sex trafficking,en,8 Days,0.015295,2014-06-15,0,90,0,0,Drama,2014,6,15,Nicole Smolen,female,Jaco,male
2154,2e+07,police los angeles,en,Street Kings,18.666876,2008-04-10,65569869,109,6.3,363,Drama,2008,4,10,Keanu Reeves,male,David,male
1834,2.5e+07,NA,en,Parental Guidance,14.604911,2012-12-25,119772232,104,5.7,210,Comedy,2012,12,25,Billy Crystal,male,Andy,male
1842,2.5e+07,london england scotland parents kids relationship becoming an adult fantasy,en,Finding Neverland,34.160448,2004-10-17,116766556,106,7.2,1223,Drama,2004,10,17,Johnny Depp,male,Marc,male
