"index"	"budget"	"keywords"	"original_language"	"title"	"popularity"	"release_date"	"revenue"	"runtime"	"vote_average"	"vote_count"	"genre"	"release_year"	"release_month"	"release_day"	"first_actor"	"first_actor_gender"	"director_first_name"	"director_gender"
1773	2.7e+07	"fbi island serial killer series of murders"	"en"	"Mindhunters"	17.193659	2004-05-07	21148829	106	6.3	333	"Thriller"	2004	5	7	"LL Cool"	NA	"Renny"	"male"
2540	1.5e+07	"fire winter santa claus snow storm christmas tree"	"en"	"Krampus"	31.565117	2015-11-26	61548707	98	5.9	584	"Comedy"	2015	11	26	"Adam Scott"	"male"	"Michael"	"male"
1174	4e+07	"police sequel police officer brother-in-law brother-in-law relationship black men"	"en"	"Ride Along 2"	25.136082	2016-01-14	124827316	102	6.1	555	"Comedy"	2016	1	14	"Kevin Hart"	"male"	"Tim"	"male"
3262	0	"masseuse thanksgiving party romance mother daughter relationship"	"en"	"Enough Said"	14.969093	2013-09-18	25288872	93	6.6	348	"Drama"	2013	9	18	"Julia Louis-Dreyfus"	"female"	"Nicole"	"female"
4324	0	"christian film food"	"en"	"Faith Like Potatoes"	0.147886	2006-10-27	0	97	6	9	"Drama"	2006	10	27	"Frank Rautenbach"	"male"	"Regardt"	NA
214	1.2e+08	"u.s. air force grocery jamaican meteorologist rescue boat"	"en"	"The Perfect Storm"	25.752118	2000-03-15	325756637	130	6.2	597	"Drama"	2000	3	15	"George Clooney"	"male"	"Wolfgang"	"male"
1737	2.8e+07	"based on novel dystopia shaolin prejudice zombie"	"en"	"Pride and Prejudice and Zombies"	28.397048	2016-02-04	16374328	108	5.5	640	"Comedy"	2016	2	4	"Lily James"	"female"	"Burr"	"male"
610	7e+07	"mythology zeus ancient greece demigod city of argos"	"en"	"The Legend of Hercules"	25.020428	2014-01-10	61279452	99	4.4	533	"Action"	2014	1	10	"Kellan Lutz"	"male"	"Renny"	"male"
2738	12500000	"duringcreditsstinger"	"en"	"About Last Night"	11.828068	2014-02-14	49002684	100	6	210	"Comedy"	2014	2	14	"Kevin Hart"	"male"	"Steve"	"male"
963	4e+07	"assassination assassin ninja fighter revenge ninja"	"en"	"Ninja Assassin"	19.085403	2009-09-29	60462347	99	6.2	371	"Thriller"	2009	9	29	"Rain Naomie"	"female"	"James"	"male"
4395	0	"superhero"	"en"	"The Specials"	9.055447	2000-09-22	0	82	5.5	11	"Comedy"	2000	9	22	"Jordan Ladd"	"male"	"Craig"	"male"
3673	0	"expensive restaurant luxury adolf hitler prague sudetendeutsch"	"cs"	"I Served the King of England"	2.387463	2006-12-19	0	120	7	22	"Drama"	2006	12	19	"Ivan Barnev"	"male"	"Ji\u0159\u00ed"	NA
1566	3e+07	"wife husband relationship channel surfing mullet spiritual journey life changing"	"en"	"About Schmidt"	19.925026	2002-12-13	105834556	125	6.7	362	"Drama"	2002	12	13	"Jack Nicholson"	"male"	"Alexander"	"male"
2053	2.2e+07	"holiday world war i hostility singer singing"	"fr"	"Joyeux NoÃ«l"	13.960945	2005-11-09	17709155	116	7.2	212	"Drama"	2005	11	9	"Diane Kruger"	"female"	"Christian"	"male"
3031	12600000	"life and death death of a friend parts of dead body"	"en"	"Wrong Turn"	33.555764	2003-05-30	28650575	84	6	635	"Thriller"	2003	5	30	"Desmond Harrington"	"male"	"Rob"	"male"
3000	1e+07	"sequel"	"en"	"Insidious: Chapter 3"	45.946524	2015-06-04	104303851	97	6.2	983	"Drama"	2015	6	4	"Dermot Mulroney"	"male"	"Leigh"	"female"
1349	0	"assassin widow trial civil rights activist"	"en"	"Ghosts of Mississippi"	8.102925	1996-12-20	0	130	6.2	40	"Drama"	1996	12	20	"Alec Baldwin"	"male"	"Rob"	"male"
1201	4e+07	"hunter predator yakuza hunting human beings alien life-form"	"en"	"Predators"	47.649554	2010-07-03	126248813	107	6	1206	"Thriller"	2010	7	3	"Topher Grace"	"male"	"Nimr\u00f3d"	NA
2283	0	"hunter nanny nudity collector house"	"en"	"Thir13en Ghosts"	20.392858	2001-10-26	0	91	5.4	440	"Thriller"	2001	10	26	"Tony Shalhoub"	"male"	"Steve"	"male"
3640	5e+06	"skinhead heroin music cover-up murder"	"en"	"Green Room"	30.001024	2016-04-15	3220371	95	6.7	683	"Thriller"	2016	4	15	"Anton Yelchin"	"male"	"Jeremy"	"male"
4051	0	"christian film sex trafficking"	"en"	"8 Days"	0.015295	2014-06-15	0	90	0	0	"Drama"	2014	6	15	"Nicole Smolen"	"female"	"Jaco"	"male"
2203	3e+07	"terror journalist lover (female) saigon indochina"	"en"	"The Quiet American"	5.133744	2002-11-22	27674124	101	6.4	81	"Drama"	2002	11	22	"Michael Caine"	"male"	"Phillip"	"male"
1793	0	"midlife crisis daughter bad boss"	"en"	"In Good Company"	15.376391	2004-12-29	0	109	5.9	194	"Drama"	2004	12	29	"Topher Grace"	"male"	"Paul"	"male"
628	7e+07	"war crimes self sacrifice war veteran world war ii war ship"	"en"	"Saving Private Ryan"	76.041867	1998-07-24	481840909	169	7.9	5048	"Drama"	1998	7	24	"Tom Hanks"	"male"	"Steven"	"male"
1545	3e+07	"ku klux klan american football trainer sports team race politics"	"en"	"Remember the Titans"	25.996219	2000-09-29	136706683	113	7.4	821	"Drama"	2000	9	29	"Denzel Washington"	"male"	"Boaz"	"male"
1640	3.5e+07	"rape secret minnesota witness miner"	"en"	"North Country"	12.779201	2005-02-12	25224242	126	6.8	125	"Drama"	2005	2	12	"Charlize Theron"	"female"	"Niki"	"female"
4573	0	"individual underdog mentally disabled loss of mother sweden"	"sv"	"As It Is in Heaven"	4.321249	2004-09-03	0	132	6.9	42	"Drama"	2004	9	3	"Michael Nyqvist"	"male"	"Kay"	"female"
3803	0	"woman director"	"en"	"Inescapable"	6.783053	2012-09-14	0	93	5.2	13	"Thriller"	2012	9	14	"Alexander Siddig"	"male"	"Ruba"	"female"
711	5.8e+07	"cia retirement shot to death sniper rifle retired"	"en"	"RED"	41.430245	2010-10-13	71664962	111	6.6	2808	"Comedy"	2010	10	13	"Bruce Willis"	"male"	"Robert"	"male"
2086	1.8e+07	"holiday new york new york city christmas"	"en"	"Home Alone 2: Lost in New York"	81.487685	1992-11-19	358991681	120	6.3	2395	"Comedy"	1992	11	19	"Macaulay Culkin"	"male"	"Chris"	"male"
3279	8e+06	"oregon olympic games sport runner"	"en"	"Prefontaine"	8.717235	1997-01-24	589304	106	6.7	21	"Drama"	1997	1	24	"Jared Leto"	"male"	"Steve"	"male"
4408	0	"police revenge independent film video camera on the run"	"en"	"Jimmy and Judy"	1.255771	2006-01-01	0	99	5.4	8	"Drama"	2006	1	1	"Edward Furlong"	"male"	"Randall"	"male"
468	1.02e+08	"female nudity hacker terrorism violence ex-con"	"en"	"Swordfish"	36.788745	2001-06-07	147080413	99	6.1	932	"Thriller"	2001	6	7	"John Travolta"	"male"	"Dominic"	"male"
3703	0	"dancer tango musical love"	"es"	"Tango"	0.425551	1998-02-12	0	115	6.8	6	"Drama"	1998	2	12	"Miguel \u00c1ngel"	"male"	"Carlos"	"male"
2496	1.6e+07	"black people hip-hop nightclub airplane chaos"	"en"	"Soul Plane"	9.400404	2004-05-28	14822346	86	4.7	108	"Comedy"	2004	5	28	"Tom Arnold"	"male"	"Jessy"	"male"
494	4.5e+07	"loss of parents wild boar uncle shaman redemption"	"en"	"The Lion King"	90.457886	1994-06-23	788241776	89	8	5376	"Drama"	1994	6	23	"Jonathan Taylor"	"male"	"Roger"	"male"
4430	0	NA	"en"	"And Then Came Love"	0.280829	2007-01-01	0	90	5	1	"Comedy"	2007	1	1	"Kevin Daniels"	"male"	"Richard"	"male"
832	5.5e+07	"jealousy beauty immortality rivalry potion"	"en"	"Death Becomes Her"	29.498304	1992-07-30	149022650	104	6.3	636	"Comedy"	1992	7	30	"Meryl Streep"	"female"	"Robert"	"male"
3287	0	NA	"en"	"The Land Girls"	1.278092	1998-09-25	0	111	7	3	"Drama"	1998	9	25	"Catherine McCormack"	"female"	"David"	"male"
4381	1e+06	"corruption war indonesia"	"id"	"The Act of Killing"	8.887411	2012-08-31	444575	115	7.5	210	"Documentary"	2012	8	31	"Anwar Congo"	"male"	"Joshua"	"male"
4762	0	"independent film"	"en"	"George Washington"	2.058834	2000-10-01	0	89	6.4	36	"Drama"	2000	10	1	"Candace Evanofski"	"female"	"David"	"male"
169	1.4e+08	"new york usa world war ii nazis marvel comic"	"en"	"Captain America: The First Avenger"	74.506246	2011-07-22	370569774	124	6.6	7047	"Action"	2011	7	22	"Chris Evans"	"male"	"Joe"	"male"
716	6e+07	"ledge practical joke"	"en"	"Ladder 49"	10.99991	2004-10-01	74541707	115	6.2	207	"Drama"	2004	10	1	"Joaquin Phoenix"	"male"	"Jay"	"male"
926	5e+07	"competition moderator lasagne garfield"	"en"	"Garfield"	17.667826	2004-06-10	200804534	80	5.2	820	"Comedy"	2004	6	10	"Bill Murray"	"male"	"Peter"	"male"
3144	10	NA	"en"	"Plastic"	9.70276	2014-04-30	0	102	6.1	86	"Drama"	2014	4	30	"Ed Speleers"	"male"	"Julian"	"male"
293	1e+08	"children's book igloo wolf costume swallowed whole hit with a rock"	"en"	"Where the Wild Things Are"	31.586215	2009-10-16	100086793	101	6.4	572	"Family"	2009	10	16	"Max Records"	"male"	"Spike"	"male"
1147	4.1e+07	"helicopter based on novel honeymoon airplane birding"	"en"	"The Big Year"	9.419726	2011-10-13	7448385	100	5.6	248	"Comedy"	2011	10	13	"Owen Wilson"	"male"	"David"	"male"
4569	0	NA	"en"	"Mutual Friends"	0.136721	2014-04-15	0	0	0	0	NA	2014	4	15	"Caitlin Fitzgerald"	"female"	"Matthew"	"male"
3359	7e+06	NA	"en"	"In Too Deep"	2.772178	1999-08-25	14011454	97	6.2	17	"Drama"	1999	8	25	"Omar Epps"	"male"	"Michael"	"male"
4357	0	"adoption college"	"en"	"October Baby"	1.86221	2011-10-30	5355847	107	6.8	35	"Drama"	2011	10	30	"Rachel Hendrix"	"female"	"Andrew"	"male"
4746	0	"gay lgbt"	"en"	"Tiger Orange"	0.176377	2014-07-26	0	75	6.4	4	"Drama"	2014	7	26	"Mark Strano"	"male"	"Wade"	"male"
331	9.5e+07	"magic chosen one dark fantasy witch hunter evil witch"	"en"	"Seventh Son"	63.628459	2014-12-12	114178613	102	5.2	957	"Adventure"	2014	12	12	"Jeff Bridges"	"male"	"Sergei"	"male"
4273	0	NA	"en"	"The Basket"	0.430758	2000-05-05	619042	105	6.5	6	"Drama"	2000	5	5	"Peter Coyote"	"male"	"Rich"	"male"
3522	5800000	"street gang black people sport high school sports"	"en"	"Crossover"	3.201886	2006-09-01	7e+06	95	4.2	10	"Drama"	2006	9	1	"Anthony Mackie"	"male"	"Preston"	"male"
3240	5e+06	"london england manchester city submachine gun gas station survivor"	"en"	"28 Days Later"	45.490374	2002-10-31	82719885	113	7.1	1777	"Thriller"	2002	10	31	"Cillian Murphy"	"male"	"Danny"	"male"
34	2e+08	"monster dormitory games animation best friend"	"en"	"Monsters University"	89.186492	2013-06-20	743559607	104	7	3528	"Family"	2013	6	20	"Billy Crystal"	"male"	"Dan"	"male"
172	1.2e+08	"vampire romance villainess super strength imprinting"	"en"	"The Twilight Saga: Breaking Dawn - Part 2"	99.687084	2012-11-13	8.29e+08	115	6.1	2553	"Drama"	2012	11	13	"Kristen Stewart"	"female"	"Bill"	"male"
2538	1.7e+07	NA	"en"	"The Lizzie McGuire Movie"	11.927667	2003-04-25	55534455	94	5.7	280	"Comedy"	2003	4	25	"Hilary Duff"	"female"	"Jim"	"male"
1288	0	NA	"en"	"The Last Shot"	6.7698	2004-09-24	0	90	5.9	15	"Comedy"	2004	9	24	"Matthew Broderick"	"male"	"Jeff"	"male"
4659	0	"horse teenage girl"	"en"	"Horse Camp"	0.172299	2015-01-10	0	108	5.5	2	"Drama"	2015	1	10	"Jordan Trovillion"	"male"	"Joel"	"male"
4447	0	"relationship problems male female relationship divorce best friends in love"	"en"	"Celeste & Jesse Forever"	9.436431	2012-08-03	3094813	91	6.4	163	"Drama"	2012	8	3	"Rashida Jones"	"female"	"Lee"	"male"
1178	4e+07	"bomb terror spain usa president terrorist"	"en"	"Vantage Point"	24.862767	2008-02-01	151161491	90	6.2	716	"Drama"	2008	2	1	"Dennis Quaid"	"male"	"Pete"	"male"
27	2.09e+08	"fight u.s. navy mind reading hong kong soccer"	"en"	"Battleship"	64.928382	2012-04-11	303025485	131	5.5	2114	"Thriller"	2012	4	11	"Taylor Kitsch"	"female"	"Peter"	"male"
1292	0	"mother guitar sister sister relationship profession new love"	"en"	"Because I Said So"	18.678415	2007-02-02	69485490	102	5.8	191	"Comedy"	2007	2	2	"Diane Keaton"	"female"	"Michael"	"male"
4268	1350000	"ambush alcohol shotgun tea joint"	"en"	"Lock, Stock and Two Smoking Barrels"	16.032594	1998-03-05	3897569	105	7.5	1648	"Comedy"	1998	3	5	"Jason Flemyng"	"male"	"Guy"	"male"
2613	0	"new love country estate country house false identity beguilement"	"en"	"The Importance of Being Earnest"	7.250379	2002-05-17	0	97	6.7	127	"Drama"	2002	5	17	"Rupert Everett"	"male"	"Oliver"	"male"
3215	0	"island ship pirate sailor cabin boy"	"en"	"Shipwrecked"	0.702971	1990-10-03	0	92	6.1	14	"Adventure"	1990	10	3	"Stian Smestad"	"male"	"Nils"	"male"
119	1.5e+08	"himalaya martial arts dc comics crime fighter secret identity"	"en"	"Batman Begins"	115.040024	2005-06-10	374218673	140	7.5	7359	"Drama"	2005	6	10	"Christian Bale"	"male"	"Christopher"	"male"
2714	1.4e+07	"new york bus nightmare witness investigation"	"en"	"Margaret"	4.898424	2011-09-30	46495	149	6.1	86	"Drama"	2011	9	30	"Anna Paquin"	"female"	"Kenneth"	"male"
1413	3.5e+07	"suicide fbi kidnapping snuff sadism"	"en"	"Untraceable"	12.677505	2008-01-22	32483410	101	5.9	238	"Drama"	2008	1	22	"Diane Lane"	"female"	"Gregory"	"male"
1373	2.7e+07	"cairo egypt identity amnesia world war ii"	"en"	"The English Patient"	29.381878	1996-11-14	231976425	162	7	542	"Drama"	1996	11	14	"Ralph Fiennes"	"male"	"Anthony"	"male"
4515	0	NA	"en"	"High Road"	1.292948	2012-03-06	0	87	5.8	22	"Comedy"	2012	3	6	"Kathryn Burns"	"female"	"Matt"	"male"
279	1e+08	"cyborg shotgun post-apocalyptic dystopia moral ambiguity"	"en"	"Terminator 2: Judgment Day"	101.74155	1991-07-01	5.2e+08	137	7.7	4185	"Thriller"	1991	7	1	"Arnold Schwarzenegger"	"male"	"James"	"male"
4306	9e+05	"marketing breast cancer corporatism woman director"	"en"	"Pink Ribbons, Inc."	0.097913	2011-09-11	25000	97	6.8	6	"Documentary"	2011	9	11	"Samantha King"	"female"	"L\u00e9a"	NA
995	6e+07	"civil war southern usa magic light dark"	"en"	"Beautiful Creatures"	40.721373	2013-02-13	60052138	124	5.6	984	"Drama"	2013	2	13	"Alden Ehrenreich"	"male"	"Richard"	"male"
3326	12500000	NA	"en"	"Black November"	1.589693	2012-12-07	0	95	6.4	4	"Drama"	2012	12	7	"Razaaq Adoti"	NA	"Jeta"	NA
2681	0	NA	"en"	"Jonah: A VeggieTales Movie"	1.446172	2002-10-04	0	82	6.4	22	"Comedy"	2002	10	4	"Phil Vischer"	"male"	"Phil"	"male"
1024	4.7e+07	"corruption crime fighter gangster boss investigation based on comic strip"	"en"	"Dick Tracy"	7.859226	1990-06-15	103738726	103	5.9	251	"Comedy"	1990	6	15	"Warren Beatty"	"male"	"Warren"	"male"
292	1e+08	"based on novel mythical creature dragon fantasy world teenage hero"	"en"	"Eragon"	30.863434	2006-12-14	249288105	104	4.9	967	"Action"	2006	12	14	"Ed Speleers"	"male"	"Stefen"	"male"
2679	0	NA	"en"	"Superstar"	4.04701	1999-10-08	0	81	5.1	83	"Comedy"	1999	10	8	"Molly Shannon"	"female"	"Bruce"	"male"
1689	2.9e+07	"wealth falling in love divorce pretty woman winery"	"en"	"Serving Sara"	8.93941	2002-08-20	16930185	100	5	85	"Comedy"	2002	8	20	"Matthew Perry"	"male"	"Reginald"	"male"
1599	2.5e+07	"san francisco immortality love forever"	"en"	"The Age of Adaline"	82.052056	2015-04-16	65663276	112	7.4	1990	"Drama"	2015	4	16	"Blake Lively"	"male"	"Lee"	"male"
4085	8e+06	"france kidnapping boy biker tour de france"	"fr"	"The Triplets of Belleville"	13.944645	2003-06-11	1477676	80	7.3	231	"Drama"	2003	6	11	"B\u00e9atrice Bonifassi"	NA	"Sylvain"	"male"
1381	3.5e+07	"horse race horseback riding biography"	"en"	"Secretariat"	9.525037	2010-08-20	60251371	123	6.8	103	"Drama"	2010	8	20	"Diane Lane"	"female"	"Randall"	"male"
4124	0	"heist mafia internet"	"en"	"This Thing of Ours"	0.046868	2005-01-01	0	100	5	1	"Drama"	2005	1	1	"James Caan"	"male"	"Danny"	"male"
653	6.5e+07	"love triangle friendship dating sushi bar exploding airplane"	"en"	"This Means War"	38.994297	2012-02-14	156974557	103	5.9	1389	"Comedy"	2012	2	14	"Reese Witherspoon"	"female"	"McG"	NA
589	7e+07	"vampire dracula bite battle 15th century"	"en"	"Dracula Untold"	64.457947	2014-10-01	215529201	92	6.2	2389	"Drama"	2014	10	1	"Luke Evans"	"male"	"Gary"	"male"
3273	8e+06	"upper class women father murder daughter maid"	"fr"	"8 Women"	8.204829	2002-01-08	0	111	6.9	196	"Comedy"	2002	1	8	"Catherine Deneuve"	"female"	"Fran\u00e7ois"	NA
3173	2.6e+07	"finances stock broker investment firm"	"en"	"Boiler Room"	11.233081	2000-02-18	28780255	118	6.5	201	"Drama"	2000	2	18	"Giovanni Ribisi"	"male"	"Ben"	"male"
500	7.6e+07	"miami car race sports car los angeles car"	"en"	"2 Fast 2 Furious"	10.520961	2003-06-05	236350661	107	6.2	2028	"Thriller"	2003	6	5	"Paul Walker"	"male"	"John"	"male"
2602	1.5e+07	"blacksmith brothel femme fatale violence ancient china"	"en"	"The Man with the Iron Fists"	17.672021	2012-11-02	15608545	96	5.2	358	"Action"	2012	11	2	"Russell Crowe"	"male"	"RZA"	NA
3027	0	"mother man-woman relation single matchmaking single mother"	"en"	"The Perfect Man"	11.158906	2005-06-17	0	100	5.5	203	"Drama"	2005	6	17	"Hilary Duff"	"female"	"Mark"	"male"
4614	0	"independent film"	"en"	"3 Backyards"	0.17817	2010-01-01	0	88	4.8	4	"Drama"	2010	1	1	"Edie Falco"	"female"	"Eric"	"male"
3409	7e+06	"mobster money problems borrow trouble classmates"	"en"	"Criminal Activities"	6.665164	2015-11-20	0	94	5.8	110	"Drama"	2015	11	20	"Dan Stevens"	"male"	"Jackie"	"female"
79	2e+08	"malibu marvel comic superhero based on comic book revenge"	"en"	"Iron Man 2"	77.300194	2010-04-28	623933331	124	6.6	6849	"Action"	2010	4	28	"Robert Downey"	"male"	"Jon"	"male"
3119	0	"duringcreditsstinger"	"en"	"Free Style"	0.122874	2008-12-24	140987	94	5.8	4	"Drama"	2008	12	24	"Corbin Bleu"	"male"	"William"	"male"
1196	4e+07	"competition secret obsession magic dying and death"	"en"	"The Prestige"	74.440708	2006-10-19	109676311	130	8	4391	"Drama"	2006	10	19	"Hugh Jackman"	"male"	"Christopher"	"male"
1874	2.5e+07	"date loss of son love at first sight child labour guitar"	"en"	"August Rush"	29.533437	2007-11-21	66122026	114	7.1	797	"Drama"	2007	11	21	"Freddie Highmore"	"male"	"Kirsten"	"female"
4007	0	"diet fasting vegetable juice australian man"	"en"	"Fat, Sick & Nearly Dead"	0.545825	2010-04-16	0	97	7.1	47	"Documentary"	2010	4	16	"Joe Cross"	"male"	"Joe"	"male"
584	0	"adultery heal bite werewolf"	"en"	"Wolf"	13.758526	1994-06-17	0	125	6	216	"Fantasy"	1994	6	17	"Jack Nicholson"	"male"	"Mike"	"male"
72	1.75e+08	"dc comics shared universe anti hero secret mission villain"	"en"	"Suicide Squad"	90.23792	2016-08-02	7.45e+08	123	5.9	7458	"Action"	2016	8	2	"Will Smith"	"male"	"David"	"male"
4556	500	NA	"en"	"El Rey de Najayo"	0.080105	2012-03-01	0	101	0	0	"Drama"	2012	3	1	"Manny P\u00e9rez"	"male"	"Fernando"	"male"
2593	0	"mortician tied to chair song and dance piano lesson fisticuffs"	"en"	"Idlewild"	2.711955	2006-08-25	0	121	5.1	17	"Drama"	2006	8	25	"Andr\u00e9 Benjamin"	NA	"Bryan"	"male"
3581	5e+06	"christianity coma jealousy radio station texas"	"en"	"The Apostle"	4.227807	1997-10-09	0	134	6.1	38	"Drama"	1997	10	9	"Robert Duvall"	"male"	"Robert"	"male"
2642	1.5e+07	"germany corruption sex based on novel investigation"	"en"	"Buffalo Soldiers"	6.329672	2001-09-08	0	98	6.5	93	"Drama"	2001	9	8	"Joaquin Phoenix"	"male"	"Gregor"	"male"
861	4.7e+07	"paris prostitute loss of lover amnesia bodily disabled person"	"fr"	"A Very Long Engagement"	23.05451	2004-10-26	0	133	7.1	346	"Drama"	2004	10	26	"Audrey Tautou"	"female"	"Jean-Pierre"	NA
1470	3.5e+07	"taxi driver thief fbi agent"	"en"	"Stolen"	16.830184	2012-05-17	2106557	96	5.1	344	"Drama"	2012	5	17	"Nicolas Cage"	"male"	"Simon"	"male"
2581	1.5e+07	"suicide sex island nightmare chase"	"en"	"Disturbing Behavior"	9.378688	1998-07-24	17507368	84	5.5	104	"Fiction"	1998	7	24	"James Marsden"	"male"	"David"	"male"
3078	0	NA	"en"	"Peaceful Warrior"	8.326131	2006-03-30	0	120	7.3	90	"Drama"	2006	3	30	"Scott Mechlowicz"	"male"	"Victor"	"male"
2751	1.8e+07	"father son relationship monster supermarket fight artist"	"en"	"The Mist"	37.104353	2007-11-21	57096190	126	6.7	1399	"Thriller"	2007	11	21	"Thomas Jane"	"male"	"Frank"	"male"
839	5.5e+07	"prostitute deification dancehall hostess per\u00f3nism argentine president"	"en"	"Evita"	7.027139	1996-12-14	141047179	134	5.9	120	"Drama"	1996	12	14	"Madonna Antonio"	"female"	"Alan"	"male"
4489	650	NA	"en"	"Escape from Tomorrow"	1.352222	2013-10-11	0	90	4.8	87	"Horror"	2013	10	11	"Roy Abramsohn"	"male"	"Randy"	"male"
483	8e+07	"professor time travel quantum mechanics hundred years' war excavation"	"en"	"Timeline"	11.22268	2003-11-26	19480739	116	5.4	318	"Action"	2003	11	26	"Paul Walker"	"male"	"Richard"	"male"
2389	1.8e+07	"paris japanese identity underworld monopoly"	"fr"	"Renaissance"	9.244181	2006-03-16	1831348	105	6.7	77	"Action"	2006	3	16	"Daniel Craig"	"male"	"Christian"	"male"
1967	2.4e+07	"holy grail homeless person loss of lover mental disease sense of guilt"	"en"	"The Fisher King"	16.146572	1991-09-09	41895491	137	7.2	341	"Drama"	1991	9	9	"Jeff Bridges"	"male"	"Terry"	"male"
1251	4.5e+07	"dancing female nudity go-go dancer spanner seduction"	"en"	"Showgirls"	14.513305	1995-09-22	20350754	128	4.9	256	"Drama"	1995	9	22	"Elizabeth Berkley"	"female"	"Paul"	"male"
731	6e+07	"fbi cold war hitman"	"en"	"The Jackal"	19.747459	1997-11-14	159330280	124	6.1	527	"Thriller"	1997	11	14	"Bruce Willis"	"male"	"Michael"	"male"
4142	0	NA	"en"	"Supercapitalist"	0.174311	2012-08-10	0	103	3.5	2	"Thriller"	2012	8	10	"Linus Roache"	"male"	"Simon"	"male"
679	6.4e+07	"baby adoption married couple small person criminal"	"en"	"Little Man"	12.421504	2006-08-31	101595121	98	5.3	261	"Comedy"	2006	8	31	"Marlon Wayans"	"male"	"Keenen"	"male"
4248	1500000	"witch coven salem massachusetts satanic"	"en"	"The Lords of Salem"	14.504326	2012-09-10	1165882	101	5.1	242	"Thriller"	2012	9	10	"Sheri Moon"	"female"	"Rob"	"male"
2200	2e+07	"female nudity prostitute horse race heart strip club"	"en"	"Crank: High Voltage"	35.542809	2009-04-16	34560577	96	5.9	861	"Thriller"	2009	4	16	"Jason Statham"	"male"	"Brian"	"male"
1092	4.5e+07	"london england cia war crimes tony blair author"	"en"	"The Ghost Writer"	21.118196	2010-02-12	60222298	128	6.7	670	"Thriller"	2010	2	12	"Ewan McGregor"	"male"	"Roman"	"male"
205	1.25e+08	"detective inspector steampunk criminal mastermind"	"en"	"Sherlock Holmes: A Game of Shadows"	81.499621	2011-11-22	334615000	129	7	3886	"Action"	2011	11	22	"Robert Downey"	"male"	"Guy"	"male"
3632	5e+06	"hospital church"	"en"	"90 Minutes in Heaven"	3.943706	2015-09-11	4842699	121	5.4	40	"Drama"	2015	9	11	"Kate Bosworth"	"female"	"Michael"	"male"
2402	0	"nanny haunted house channel islands parallel world photosensitivity"	"en"	"The Others"	25.881355	2001-08-02	0	101	7.4	1660	"Drama"	2001	8	2	"Nicole Kidman"	"female"	"Alejandro"	"male"
2517	1.5e+07	"great britain radio monarchy radio transmission royal family"	"en"	"The King's Speech"	54.053576	2010-09-06	414211549	118	7.6	2752	"Drama"	2010	9	6	"Colin Firth"	"male"	"Tom"	"male"
1673	0	NA	"fr"	"Little Nicholas"	20.362025	2009-09-30	0	91	5.9	306	"Comedy"	2009	9	30	"Maxime Godart"	"male"	"Laurent"	"male"
2964	0	"mars science fiction zombie"	"en"	"The Last Days on Mars"	18.764453	2013-08-11	0	98	5.2	302	"Thriller"	2013	8	11	"Liev Schreiber"	"male"	"Ruairi"	"male"
4683	0	"mumblecore mumblegore"	"en"	"Baghead"	3.299345	2008-01-21	0	84	5.8	23	"Drama"	2008	1	21	"Ross Partridge"	"male"	"Jay"	"male"
1494	3.2e+07	"holiday elves santa claus looking for  birth parents romance"	"en"	"Elf"	16.901954	2003-10-09	173398518	97	6.4	987	"Comedy"	2003	10	9	"Will Ferrell"	"male"	"Jon"	"male"
3862	3500000	"capitalism brokerage wall street downsizing financial crisis"	"en"	"Margin Call"	26.259389	2011-09-28	19504039	107	6.7	524	"Drama"	2011	9	28	"Kevin Spacey"	"male"	"J.C."	NA
474	0	"nurse sea beach boy pregnant"	"fr"	"Evolution"	3.300061	2015-09-14	0	81	6.4	47	"Drama"	2015	9	14	"Max Brebant"	"male"	"Lucile"	"female"
2631	0	"miniseries"	"en"	"The Company"	1.485324	2007-08-05	0	276	7	12	"Drama"	2007	8	5	"Chris O'Donnell"	"male"	"Mikael"	"male"
1435	3.1e+07	"tennis new love tennis player australia wimbledon"	"en"	"Wimbledon"	16.736734	2004-09-13	41512007	98	6	293	"Comedy"	2004	9	13	"Kirsten Dunst"	"female"	"Richard"	"male"
250	1.16e+08	"ladykiller pilot biography womanizer aviation"	"en"	"The Aviator"	45.616098	2004-12-17	1.02e+08	170	7	1489	"Drama"	2004	12	17	"Leonardo DiCaprio"	"male"	"Martin"	"male"
3384	7e+06	"adoptive mother nymphomaniac mother daughter relationship"	"en"	"Mother and Child"	5.517597	2009-11-07	0	125	6.7	46	"Drama"	2009	11	7	"Naomi Watts"	"female"	"Rodrigo"	"male"
1744	3e+07	"alcohol one-night stand bed pregnancy and birth condom"	"en"	"Knocked Up"	22.527211	2007-06-01	219076518	129	6.2	1214	"Drama"	2007	6	1	"Seth Rogen"	"male"	"Judd"	"male"
2373	0	"mother shakespeare denmark loss of father prince"	"en"	"Hamlet"	9.814785	1996-12-25	0	242	7.3	117	"Drama"	1996	12	25	"Kenneth Branagh"	"male"	"Kenneth"	"male"
1315	5.7e+07	"rock star success discontentedness and displeasedness heavy metal relationship problems"	"en"	"Rock Star"	11.60815	2001-09-04	16991902	105	6	190	"Drama"	2001	9	4	"Mark Wahlberg"	"male"	"Stephen"	"male"
3265	8e+06	"film director dracula \u00a0nosferatu"	"en"	"Shadow of the Vampire"	5.93923	2000-05-15	8279017	92	6.6	148	"Drama"	2000	5	15	"John Malkovich"	"male"	"E."	NA
1837	2.5e+07	"martial arts hip-hop oakland asian asian man"	"en"	"Romeo Must Die"	19.750059	2000-03-20	91036760	115	6	330	"Thriller"	2000	3	20	"Jet Li"	"male"	"Andrzej"	"male"
1563	3e+07	"american football trainer twin sister suppressed past psychiatrist"	"en"	"The Prince of Tides"	3.845231	1991-12-25	74787599	132	5.9	56	"Drama"	1991	12	25	"Nick Nolte"	"male"	"Barbra"	"female"
2749	1.3e+07	"faithlessness puppet killer toys toy comes to life"	"en"	"Child's Play 2"	16.681567	1990-11-09	35763605	84	5.8	308	"Drama"	1990	11	9	"Alex Vincent"	"male"	"John"	"male"
1649	3e+07	"chief colonialism new world"	"en"	"The New World"	19.106154	2005-12-25	30536013	135	6.4	330	"Drama"	2005	12	25	"Colin Farrell"	"male"	"Terrence"	"male"
3900	3e+06	"clown golden retriever dog actor"	"en"	"Air Bud"	11.241802	1997-08-01	23144499	98	5.3	106	"Drama"	1997	8	1	"Kevin Zegers"	"male"	"Charles"	"male"
2077	1.7e+07	"interracial relationship dead father reference to bob dylan biracial bedtime story"	"en"	"Away We Go"	10.13559	2009-06-05	14899417	98	6.7	189	"Drama"	2009	6	5	"John Krasinski"	"male"	"Sam"	"male"
865	5.5e+07	"vegetarian tax collector pianist blind organ transplant"	"en"	"Seven Pounds"	41.472404	2008-12-18	168167691	123	7.5	2039	"Drama"	2008	12	18	"Will Smith"	"male"	"Gabriele"	"female"
158	1.5e+08	"spacecraft teleportation space mission parachute time travel"	"en"	"Star Trek"	73.616808	2009-05-06	385680446	127	7.4	4518	"Action"	2009	5	6	"Chris Pine"	"male"	"J.J."	NA
4055	0	"christian"	"en"	"Do You Believe?"	2.470443	2015-03-20	0	115	6.6	48	"Drama"	2015	3	20	"Mira Sorvino"	"female"	"Jon"	"male"
3518	6e+06	"buddhism elephant sydney australia fighter"	"th"	"The Protector"	11.81832	2005-08-11	27165581	108	6.8	167	"Drama"	2005	8	11	"Tony Jaa"	"male"	"Prachya"	NA
3405	7e+06	"wormhole space travel supernatural powers spaceship alien"	"en"	"Stargate: The Ark of Truth"	8.591387	2008-03-11	8900000	97	6.9	140	"Adventure"	2008	3	11	"Ben Browder"	"male"	"Robert"	"male"
969	5e+07	"competition assassination cia bank cat"	"en"	"Assassins"	23.073933	1995-10-06	30303072	132	6	387	"Thriller"	1995	10	6	"Sylvester Stallone"	"male"	"Richard"	"male"
2789	0	NA	"en"	"The Emperor's Club"	6.796079	2002-11-22	0	108	6.9	96	"Drama"	2002	11	22	"Kevin Kline"	"male"	"Michael"	"male"
465	8e+07	"orchestra musical segments"	"en"	"Fantasia 2000"	14.530946	1999-12-17	90874570	74	7	292	"Family"	1999	12	17	"Steve Martin"	"male"	"James"	"male"
528	7e+07	"paris assassination israel hotel room 1970s"	"en"	"Munich"	29.035222	2005-12-22	130358911	164	6.9	696	"Drama"	2005	12	22	"Eric Bana"	"male"	"Steven"	"male"
1989	2.3e+07	"sport social outcast ridicule lawn mower deserted by husband"	"en"	"The Waterboy"	23.839127	1998-11-06	185991646	90	5.9	512	"Comedy"	1998	11	6	"Adam Sandler"	"male"	"Frank"	"male"
578	7.5e+07	"chipmunk cgi based on tv series aftercreditsstinger duringcreditsstinger"	"en"	"Alvin and the Chipmunks: The Squeakquel"	29.412262	2009-12-21	443140005	88	5.4	666	"Comedy"	2009	12	21	"Zachary Levi"	"male"	"Betty"	"female"
3922	0	"independent film woman director"	"en"	"Real Women Have Curves"	1.026243	2002-01-01	0	86	5.8	19	"Drama"	2002	1	1	"America Ferrera"	"female"	"Patricia"	"female"
2067	2.1e+07	"gay mount rushmore national memorial swear word mephisto hell"	"en"	"South Park: Bigger, Longer & Uncut"	27.197799	1999-06-30	0	81	7.1	893	"Comedy"	1999	6	30	"Trey Parker"	"male"	"Trey"	"male"
2551	1.5e+07	"nurse shotgun nudity therapist book"	"en"	"Halloween II"	12.929525	2009-08-28	39421467	105	5.1	267	"Horror"	2009	8	28	"Scout Taylor-Compton"	"female"	"Rob"	"male"
173	1.3e+08	"penguin musical aftercreditsstinger 3d"	"en"	"Happy Feet Two"	17.7735	2011-11-17	150406466	100	5.8	373	"Comedy"	2011	11	17	"Elijah Wood"	"male"	"George"	"male"
2304	1.8e+07	"politician kansas city election jazz music"	"en"	"Kansas City"	5.380733	1996-08-16	0	116	6.1	12	"Drama"	1996	8	16	"Jennifer Jason"	"female"	"Robert"	"male"
2755	1.3e+07	"alien found footage"	"en"	"Earth to Echo"	17.371327	2014-06-14	45300000	89	5.7	290	"Adventure"	2014	6	14	"Teo Halm"	"male"	"Dave"	"male"
2993	1e+07	"hotel based on novel india ensemble cast elderly"	"en"	"The Best Exotic Marigold Hotel"	21.258991	2011-11-28	136836156	124	6.9	459	"Drama"	2011	11	28	"Bill Nighy"	"male"	"John"	"male"
817	5.5e+07	"handcuffs sister sister relationship spanner blow job stag night"	"en"	"American Wedding"	36.194802	2003-08-01	231449203	103	6	1129	"Comedy"	2003	8	1	"Jason Biggs"	"male"	"Jesse"	"male"
301	1.02e+08	"clone future dystopia ensemble cast duringcreditsstinger"	"en"	"Cloud Atlas"	73.872343	2012-10-26	130482868	172	6.6	2977	"Drama"	2012	10	26	"Tom Hanks"	"male"	"Tom"	"male"
2211	0	"world war ii widow musical theatre milieu nacktrevue"	"en"	"Mrs Henderson Presents"	2.894154	2005-09-09	0	103	6.4	62	"Drama"	2005	9	9	"Judi Dench"	"female"	"Stephen"	"male"
4203	0	"christian"	"en"	"Grace Unplugged"	2.160586	2013-10-04	0	102	6	24	"Drama"	2013	10	4	"AJ Michalka"	"male"	"Brad"	"male"
2050	2.5e+07	"transporter sequel suspense car bank heist"	"en"	"The Transporter Refueled"	25.002715	2015-09-03	72629670	96	5.2	559	"Thriller"	2015	9	3	"Ed Skrein"	"male"	"Camille"	"female"
1121	4.5e+07	"chicken freedom escape chicken farm pie machine"	"en"	"Chicken Run"	31.789029	2000-06-21	224834564	84	6.5	1150	"Comedy"	2000	6	21	"Mel Gibson"	"male"	"Nick"	"male"
3670	0	NA	"en"	"Running Forever"	0.028756	2015-10-27	0	88	0	0	"Family"	2015	10	27	NA	NA	NA	NA
3089	0	NA	"hi"	"Krrish"	3.759988	2006-06-23	0	154	5.5	46	"Action"	2006	6	23	"Hrithik Roshan"	"male"	"Rakesh"	"male"
2909	11500000	"suspense"	"en"	"The Cry of the Owl"	4.75919	2009-02-07	0	101	5.5	29	"Drama"	2009	2	7	"Paddy Considine"	"female"	"Jamie"	"female"
3378	7e+06	"male nudity adultery based on novel infidelity tv show"	"en"	"Auto Focus"	7.051521	2002-10-18	2062066	104	6.1	56	"Drama"	2002	10	18	"Greg Kinnear"	"male"	"Paul"	"male"
982	5e+07	"hitman revenge murder on the run mobster"	"en"	"Run All Night"	74.64653	2015-03-11	71561644	114	6.3	1148	"Drama"	2015	3	11	"Liam Neeson"	"male"	"Jaume"	NA
4747	0	"marriage proposal relationship filmmaking film editing"	"en"	"Supporting Characters"	0.620554	2012-01-23	0	87	6.7	10	"Drama"	2012	1	23	"Alex Karpovsky"	"male"	"Daniel"	"male"
4325	1100000	"commune suspense mad doctor captive drugged"	"en"	"Beyond the Black Rainbow"	7.717237	2010-12-03	0	110	5.7	77	"Fiction"	2010	12	3	"Michael Rogers"	"male"	"Panos"	"male"
4723	1e+05	"gallows high school tragedy hanging found footage"	"en"	"The Gallows"	18.045782	2015-07-10	42664410	87	4.9	361	"Thriller"	2015	7	10	"Cassidy Gifford"	"female"	"Travis"	"male"
3556	1.5e+07	"kidnapping bunker paranoia basement survivalist"	"en"	"10 Cloverfield Lane"	53.698683	2016-03-10	108286421	103	6.8	2468	"Drama"	2016	3	10	"Mary Elizabeth"	"female"	"Dan"	"male"
1683	2.9e+07	"music sequel singer male female relationship audition"	"en"	"Pitch Perfect 2"	71.496894	2015-05-07	287506194	115	6.8	1940	"Comedy"	2015	5	7	"Anna Kendrick"	"female"	"Elizabeth"	"female"
3837	3500000	"brother brother relationship taxi ex-girlfriend love of one's life bride"	"en"	"She's the One"	8.406025	1996-08-26	9482579	96	5.7	70	"Comedy"	1996	8	26	"Edward Burns"	"male"	"Edward"	"male"
868	5.7e+07	"suicide hotel room suicide attempt new love funeral"	"en"	"Elizabethtown"	22.894898	2005-10-06	52034889	123	6.1	327	"Drama"	2005	10	6	"Orlando Bloom"	"male"	"Cameron"	"male"
1444	3.5e+07	"royal family biography royalty period drama queen victoria"	"en"	"The Young Victoria"	16.343317	2009-03-04	27409889	105	7	322	"Drama"	2009	3	4	"Emily Blunt"	"female"	"Jean-Marc"	NA
4549	0	"pilot suspicion drone u.s. military air force base"	"en"	"Good Kill"	10.924273	2015-04-09	316472	104	5.9	208	"Drama"	2015	4	9	"Ethan Hawke"	"male"	"Andrew"	"male"
3693	0	"new zealand gun rampage police independent film neighbor"	"en"	"Out of the Blue"	0.706355	2006-10-12	0	103	5.9	18	"Drama"	2006	10	12	"Karl Urban"	"male"	"Robert"	"male"
736	6e+07	"terrorist pentagon satellite navy seal train"	"en"	"Under Siege 2: Dark Territory"	13.080725	1995-07-13	104324083	100	5.6	210	"Thriller"	1995	7	13	"Steven Seagal"	"male"	"Geoff"	"male"
3868	3400000	"depression biography drug"	"en"	"To Write Love on Her Arms"	6.723057	2015-03-13	0	118	6.8	47	"Drama"	2015	3	13	"Kat Dennings"	"female"	"Nathan"	"male"
4749	0	"love independent film best friend true love irish catholic"	"en"	"The Brothers McMullen"	1.578903	1995-08-09	0	98	6.3	23	"Drama"	1995	8	9	"Shari Albert"	"female"	"Edward"	"male"
210	1.25e+08	"double life dc comics dual identity crime fighter fictional place"	"en"	"Batman & Robin"	50.073575	1997-06-20	238207122	125	4.2	1418	"Action"	1997	6	20	"George Clooney"	"male"	"Joel"	"male"
4692	0	NA	"en"	"Theresa Is a Mother"	0.036532	2015-09-25	0	105	0	0	"Drama"	2015	9	25	"Edie McClurg"	"female"	"Darren"	"male"
4483	0	"witch woman director"	"en"	"The Sisterhood of Night"	2.868942	2015-04-10	0	104	6.5	31	"Drama"	2015	4	10	"Kara Hayward"	"female"	"Caryn"	"female"
4757	0	NA	"en"	"Bending Steel"	0.048726	2013-04-20	0	93	5	1	"Documentary"	2013	4	20	NA	NA	"Dave"	"male"
2902	1.2e+07	"ocean florida autism key yacht"	"en"	"Triangle"	25.496926	2009-10-16	0	99	6.9	612	"Horror"	2009	10	16	"Melissa George"	"female"	"Christopher"	"male"
4123	7e+06	NA	"en"	"Roadside Romeo"	0.253595	2008-10-24	1100000	93	6.7	3	"Family"	2008	10	24	"Saif Ali"	"male"	NA	NA
4100	2e+06	"hostage based on true story murder independent film single mother"	"en"	"Captive"	6.728882	2015-09-17	2801508	97	5.6	92	"Drama"	2015	9	17	"Kate Mara"	"female"	"Jerry"	"male"
2601	0	NA	"en"	"Barney's Great Adventure"	0.722911	1998-01-01	0	76	2.9	8	"Family"	1998	1	1	NA	NA	"Steve"	"male"
3754	4e+06	"upper class prostitute journalist drowning newspaper"	"en"	"Scoop"	17.229537	2006-07-27	31584901	96	6.4	420	"Comedy"	2006	7	27	"Scarlett Johansson"	"female"	"Woody"	"male"
2427	0	NA	"en"	"The Adventures of Elmo in Grouchland"	3.09159	1999-10-01	0	73	6.3	14	"Family"	1999	10	1	"Kevin Clash"	"male"	"Gary"	"male"
8	2.5e+08	"witch magic broom school of witchcraft wizardry"	"en"	"Harry Potter and the Half-Blood Prince"	98.885637	2009-07-07	933959197	153	7.4	5293	"Adventure"	2009	7	7	"Daniel Radcliffe"	"male"	"David"	"male"
1499	32500000	"competition jealousy fight materialism bridesmaid"	"en"	"Bridesmaids"	17.107065	2011-04-28	288383523	125	6.5	1661	"Comedy"	2011	4	28	"Kristen Wiig"	"female"	"Paul"	"male"
3589	5e+06	"mother professor illness"	"en"	"Still Alice"	35.307577	2014-12-05	43884652	99	7.5	1104	"Drama"	2014	12	5	"Julianne Moore"	"female"	"Richard"	"male"
2292	0	NA	"en"	"Thomas and the Magic Railroad"	1.916351	2000-07-26	0	85	4.6	8	"Drama"	2000	7	26	"Alec Baldwin"	"male"	"Britt"	"male"
4412	0	"rape drug abuse independent film"	"en"	"The Poker House"	2.948576	2008-06-20	0	93	6.1	47	"Drama"	2008	6	20	"Jennifer Lawrence"	"female"	"Lori"	"female"
1160	4e+07	"london england england 1970s spirit single mother"	"en"	"The Conjuring 2"	68.794673	2016-05-13	320170008	134	7	1949	"Horror"	2016	5	13	"Patrick Wilson"	"male"	"James"	"male"
4598	3e+05	"paralympics wheelchair sport rugby"	"en"	"Murderball"	1.085909	2005-07-22	1750211	88	6.9	23	"Documentary"	2005	7	22	"Joe Bishop"	"male"	"Henry"	"male"
2570	0	"sister sister relationship mother daughter relationship aunt niece relationship father daughter relationship duringcreditsstinger"	"en"	"Ramona and Beezus"	9.681147	2010-07-23	0	103	6.1	245	"Comedy"	2010	7	23	"Joey King"	"male"	"Elizabeth"	"female"
867	5.4e+07	"italy christianity new york assassination italo-american"	"en"	"The Godfather: Part III"	59.194915	1990-12-24	136766062	162	7.1	1546	"Drama"	1990	12	24	"Al Pacino"	"male"	"Francis"	"male"
4677	0	"sex bisexual science"	"de"	"Three"	5.937602	2010-12-23	2611555	119	6.3	31	"Drama"	2010	12	23	"Sophie Rois"	"female"	"Tom"	"male"
824	5.5e+07	"san francisco single parent homeless person bus worker"	"en"	"The Pursuit of Happyness"	80.581367	2006-12-14	307077295	117	7.7	2525	"Drama"	2006	12	14	"Will Smith"	"male"	"Gabriele"	"female"
2460	1.6e+07	NA	"en"	"The Unborn"	15.788784	2009-01-09	76514050	87	4.8	365	"Thriller"	2009	1	9	"Odette Annable"	"female"	"David"	"male"
433	8.4e+07	"paris london england cia russia mi6"	"en"	"RED 2"	44.34333	2013-07-18	0	116	6.4	1526	"Comedy"	2013	7	18	"Bruce Willis"	"male"	"Dean"	"male"
2183	0	"baltimore thanksgiving family clan family conflict generations conflict"	"en"	"Home for the Holidays"	4.031585	1995-11-02	17519169	103	6.3	39	"Drama"	1995	11	2	"Holly Hunter"	"female"	"Jodie"	"female"
2761	0	NA	"en"	"Dirty Work"	9.066881	1998-06-12	0	82	6.5	66	"Comedy"	1998	6	12	"Norm Macdonald"	"male"	"Bob"	"male"
2612	2e+07	"gay bikini cruise ship babes"	"en"	"Boat Trip"	7.034752	2002-10-01	8586376	94	4.7	146	"Comedy"	2002	10	1	"Cuba Gooding"	"female"	"Mort"	"male"
29	2e+08	"spy secret agent sociopath killer art gallery"	"en"	"Skyfall"	93.004993	2012-10-25	1108561013	143	6.9	7604	"Thriller"	2012	10	25	"Daniel Craig"	"male"	"Sam"	"male"
4087	0	"biography independent film v.a. hospital junk sale jellybean"	"en"	"American Splendor"	7.792851	2003-08-15	6003587	101	7.1	120	"Drama"	2003	8	15	"Paul Giamatti"	"male"	"Shari"	"female"
4418	0	NA	"en"	"Steppin: The Movie"	0.328498	2009-05-19	0	85	5	4	"Comedy"	2009	5	19	"Wesley Jonathan"	"male"	"Michael"	"male"
4480	7e+05	"chicago sports team ghetto narration college"	"en"	"Hoop Dreams"	9.188431	1994-09-12	7830611	171	7.7	87	"Documentary"	1994	9	12	"William Gates"	"male"	"Steve"	"male"
4109	0	"gold oregon thirst tree settler"	"en"	"Meek's Cutoff"	4.749885	2010-09-05	876302	104	6.5	77	"Drama"	2010	9	5	"Michelle Williams"	"female"	"Kelly"	"female"
2632	1.5e+07	"china married couple backpacker firearm police"	"en"	"Transsiberian"	11.428903	2008-01-18	5926410	111	6.5	195	"Thriller"	2008	1	18	"Woody Harrelson"	"male"	"Brad"	"male"
35	1.5e+08	"egypt sun chaos symbol artifact"	"en"	"Transformers: Revenge of the Fallen"	21.939663	2009-06-19	836297228	150	6	3138	"Action"	2009	6	19	"Shia LaBeouf"	"male"	"Michael"	"male"
9	2.5e+08	"dc comics vigilante superhero based on comic book revenge"	"en"	"Batman v Superman: Dawn of Justice"	155.790452	2016-03-23	873260194	151	5.7	7004	"Action"	2016	3	23	"Ben Affleck"	"male"	"Zack"	"male"
2378	15238800	"germany child abuse pastor propaganda children"	"de"	"The White Ribbon"	17.94739	2009-05-21	0	144	7.2	255	"Drama"	2009	5	21	"Ursina Lardi"	NA	"Michael"	"male"
2869	1.2e+07	NA	"en"	"For Your Consideration"	4.330428	2006-11-22	5542025	86	5.9	43	"Drama"	2006	11	22	"Catherine O'Hara"	"female"	"Christopher"	"male"
4543	0	NA	"en"	"The Californians"	0.218736	2005-10-21	0	91	4	1	"Drama"	2005	10	21	"Noah Wyle"	"male"	"Jonathan"	"male"
1803	2.6e+07	"robbery gun fight love murder"	"en"	"Blood and Wine"	1.492056	1996-10-03	0	101	5.5	34	"Drama"	1996	10	3	"Jack Nicholson"	"male"	"Bob"	"male"
2722	1.5e+07	"suicide alcohol sex screenwriter underworld"	"en"	"Seven Psychopaths"	32.306455	2012-09-07	19422261	110	6.7	1206	"Comedy"	2012	9	7	"Colin Farrell"	"male"	"Martin"	"male"
2071	2.1e+07	"dancing philadelphia running based on novel depression"	"en"	"Silver Linings Playbook"	63.599973	2012-09-08	205738714	122	6.9	4742	"Drama"	2012	9	8	"Bradley Cooper"	"male"	"David"	"male"
3090	1e+07	"heroin blindfold bong perversion burned alive"	"en"	"Cecil B. Demented"	4.176066	2000-05-17	0	87	6.2	51	"Comedy"	2000	5	17	"Melanie Griffith"	"female"	"John"	"male"
1279	4e+07	"england secret intelligence service child hero wretch teen spy"	"en"	"Stormbreaker"	16.282962	2006-07-21	23937870	93	5.1	213	"Action"	2006	7	21	"Alex Pettyfer"	"male"	"Geoffrey"	"male"
720	6e+07	"saving the world mutation infection terminal illness quarantine"	"en"	"Contagion"	38.820858	2011-09-08	137551594	106	6.2	1325	"Drama"	2011	9	8	"Matt Damon"	"male"	"Steven"	"male"
3126	0	"suicide murder"	"en"	"White Noise 2: The Light"	6.814247	2007-01-05	0	99	5.6	80	"Drama"	2007	1	5	"Nathan Fillion"	"male"	"Patrick"	"male"
562	6e+07	"secret forest rural setting blindness courtship"	"en"	"The Village"	27.491891	2004-07-30	256697520	108	6.2	1071	"Drama"	2004	7	30	"Bryce Dallas"	"male"	"M."	NA
2576	1.4e+07	"film making high school sequel serial killer slasher"	"en"	"Urban Legends: Final Cut"	8.885017	2000-09-19	38574362	97	4.4	100	"Horror"	2000	9	19	"Jennifer Morrison"	"female"	"John"	"male"
4016	2500000	"new jersey paraplegic loss of mother expensive restaurant pop culture"	"en"	"Garden State"	30.583959	2004-07-28	26781723	102	7.1	618	"Drama"	2004	7	28	"Zach Braff"	"male"	"Zach"	"male"
4009	2500000	NA	"en"	"2016: Obama's America"	0.973582	2012-07-13	33400000	87	4.6	19	"Documentary"	2012	7	13	NA	NA	"John"	"male"
1501	2.9e+07	"vatican miracle christian faith clergyman"	"en"	"Stigmata"	14.993169	1999-09-10	50041732	103	6	242	"Horror"	1999	9	10	"Patricia Arquette"	"female"	"Rupert"	"male"
1859	2.5e+07	"holiday female friendship jeans coming of age teenage girl"	"en"	"The Sisterhood of the Traveling Pants"	17.17372	2005-06-01	39053061	119	6.3	386	"Drama"	2005	6	1	"Amber Tamblyn"	"female"	"Ken"	"male"
221	1.2e+08	"mouse falcon bird friendship family"	"en"	"Stuart Little 2"	27.990284	2002-07-19	169956806	78	5.4	613	"Comedy"	2002	7	19	"Michael J."	"male"	"Rob"	"male"
3263	8e+06	"lie high school school teen movie rumor"	"en"	"Easy A"	45.395839	2010-09-10	74952305	92	6.7	2210	"Comedy"	2010	9	10	"Emma Stone"	"female"	"Will"	"male"
3327	0	"new york from rags to riches family relationships bollywood racer"	"hi"	"Ta Ra Rum Pum"	0.553752	2007-04-27	0	156	6	13	"Comedy"	2007	4	27	"Saif Ali"	"male"	"Siddharth"	"male"
3584	5e+06	"olympic games biography sport historical figure nazi germany"	"en"	"Race"	22.9951	2016-02-19	24804129	134	7.1	478	"Drama"	2016	2	19	"Stephan James"	"male"	"Stephen"	"male"
2485	1.6e+07	"comedy"	"en"	"The Cookout"	0.830596	2004-09-03	12	97	4.6	10	"Drama"	2004	9	3	"Ja Rule"	"male"	"Lance"	"male"
2876	0	"based on novel war veteran male friendship death of a friend friendship"	"en"	"Last Orders"	3.603842	2001-09-10	0	109	6	22	"Drama"	2001	9	10	"Michael Caine"	"male"	"Fred"	"male"
88	1.65e+08	"brother brother relationship hero talent revenge best friend"	"en"	"Big Hero 6"	203.73459	2014-10-24	652105443	102	7.8	6135	"Comedy"	2014	10	24	"Scott Adsit"	"male"	"Chris"	"male"
1372	3.5e+07	"black people jealousy parents-in-law trouble fianc\u00e9e"	"en"	"Guess Who"	3.74263	2005-03-25	68915888	105	5.5	225	"Comedy"	2005	3	25	"Bernie Mac"	"male"	"Kevin"	"male"
1615	3e+07	"competition prisoner probation assistant  sport violence"	"en"	"Gridiron Gang"	9.278361	2006-09-15	41480851	125	6.5	206	"Drama"	2006	9	15	"Dwayne Johnson"	"male"	"Phil"	"male"
3888	0	NA	"en"	"The Original Kings of Comedy"	1.918959	2000-08-18	0	115	6.3	15	"Comedy"	2000	8	18	"Steve Harvey"	"male"	"Spike"	"male"
1325	4e+07	"american football college biography sport syracuse university"	"en"	"The Express"	3.87823	2008-10-10	9793496	130	7.1	71	"Drama"	2008	10	10	"Rob Brown"	"male"	"Gary"	"male"
1948	2.5e+07	"american football country house motorboat male female relationship thirty something"	"fr"	"Little White Lies"	15.279021	2010-10-20	48531470	154	7.1	380	"Drama"	2010	10	20	"Fran\u00e7ois Cluzet"	NA	"Guillaume"	"male"
4529	0	"prison new mexico smuggling gang theft"	"en"	"Hurricane Streets"	0.36447	1997-01-21	0	86	4.8	4	"Drama"	1997	1	21	"Brendan Sexton"	"male"	"Morgan"	"female"
4465	780000	"winter belgium world war ii nazis bravery"	"en"	"Saints and Soldiers"	6.003418	2003-09-11	0	90	6.6	98	"Drama"	2003	9	11	"Larry Bagby"	"male"	"Ryan"	"male"
1641	4e+07	"hitman"	"en"	"The Whole Ten Yards"	14.729386	2004-04-07	26155781	98	5.5	278	"Comedy"	2004	4	7	"Bruce Willis"	"male"	"Howard"	"male"
4562	5e+05	NA	"en"	"The Little Ponderosa Zoo"	0.073079	2014-09-11	0	84	2	1	NA	2014	9	11	NA	NA	NA	NA
4639	250000	"riddle autism claustrophobia maze prime number"	"en"	"Cube"	44.656151	1997-09-09	501818	90	6.9	1069	"Thriller"	1997	9	9	"Nicole de"	"female"	"Vincenzo"	"male"
2743	1.3e+07	"amnesia chaos theory blackout time travel flashback"	"en"	"The Butterfly Effect"	73.307513	2004-01-22	96060858	113	7.3	2060	"Thriller"	2004	1	22	"Ashton Kutcher"	"male"	"Eric"	"male"
304	1e+08	"mercenary battle ancient greece hercules warrior"	"en"	"Hercules"	76.842247	2014-07-23	243400000	99	5.6	1680	"Action"	2014	7	23	"Dwayne Johnson"	"male"	"Brett"	"male"
1157	4e+07	"big family new job aspiring actor smart kid"	"en"	"Cheaper by the Dozen"	26.516624	2003-12-24	190212113	98	6	699	"Comedy"	2003	12	24	"Steve Martin"	"male"	"Shawn"	"male"
3034	1e+07	"river snake arkansas fugitive river boat"	"en"	"Mud"	17.663353	2013-05-01	21587700	130	7	1068	"Drama"	2013	5	1	"Matthew McConaughey"	"male"	"Jeff"	"male"
1506	3.2e+07	"bomb identity fantasy bomber suspicion"	"en"	"Source Code"	59.19888	2011-03-30	147332697	93	7.1	2699	"Thriller"	2011	3	30	"Jake Gyllenhaal"	"male"	"Duncan"	"male"
2308	1.5e+07	"cage dystopia survivor zombie zombie apocalypse"	"en"	"Land of the Dead"	15.262492	2005-06-24	46770602	93	6	381	"Horror"	2005	6	24	"Simon Baker"	"male"	"George"	"male"
754	7e+07	"flying saucer alien life-form spaceship alien alien planet"	"en"	"Planet 51"	23.661071	2009-11-19	104945765	91	5.6	556	"Comedy"	2009	11	19	"Dwayne Johnson"	"male"	"Jorge"	"male"
1453	0	"american football mythology chinese food kangaroo"	"en"	"Warriors of Virtue"	0.912395	1997-05-02	0	103	4.7	9	"Action"	1997	5	2	"Angus Macfadyen"	"male"	"Ronny"	"male"
4135	0	"hearing gang of thieves organized crime"	"en"	"Gangster's Paradise: Jerusalema"	1.717376	2008-02-11	0	120	6.8	16	"Drama"	2008	2	11	"Daniel Buckland"	"male"	"Ralph"	"male"
3856	3500000	"based on video game"	"en"	"In the Name of the King III"	4.304341	2013-12-27	0	85	3.3	19	"Drama"	2013	12	27	"Dominic Purcell"	"male"	"Uwe"	"male"
3537	5e+06	"robbery junkie investigation porno star murder"	"en"	"Wonderland"	7.79068	2003-10-23	2466444	104	6.2	73	"Drama"	2003	10	23	"Val Kilmer"	"male"	"James"	"male"
3795	650000	"male nudity canada vampire"	"en"	"Stake Land"	12.496261	2010-09-30	33245	98	6.2	285	"Drama"	2010	9	30	"Danielle Harris"	"female"	"Jim"	"male"
2585	1.5e+07	"sniper explosive loyalty u.s. army iraq"	"en"	"The Hurt Locker"	47.006162	2008-10-10	4.2e+07	131	7.2	1840	"Drama"	2008	10	10	"Jeremy Renner"	"male"	"Kathryn"	"female"
1908	0	"robbery fool studies house uncle"	"en"	"Stealing Harvard"	7.321181	2002-09-13	0	85	4.4	46	"Drama"	2002	9	13	"Jason Lee"	"male"	"Bruce"	"male"
4253	9e+06	"bank robbery"	"en"	"Closer to the Moon"	9.159265	2013-11-29	0	112	6.4	13	"Drama"	2013	11	29	"Vera Farmiga"	"female"	"Nae"	NA
4129	0	"new york celebration"	"en"	"London"	5.350423	2005-02-10	0	92	6.1	96	"Drama"	2005	2	10	"Chris Evans"	"male"	"Hunter"	"male"
355	9e+07	"bomb taxi riddle robbery detective"	"en"	"Die Hard: With a Vengeance"	51.881077	1995-05-19	366101666	128	6.9	2066	"Thriller"	1995	5	19	"Bruce Willis"	"male"	"John"	"male"
3386	0	"servant time travel clumsy fellow middle ages nobility"	"fr"	"The Visitors"	8.893676	1993-01-27	0	107	7.1	420	"Comedy"	1993	1	27	"Jean Reno"	"female"	"Jean-Marie"	NA
1830	2.5e+07	"police operation police officer brother-in-law brother-in-law relationship duringcreditsstinger black men"	"en"	"Ride Along"	28.468	2014-01-07	153997819	99	6.1	853	"Comedy"	2014	1	7	"Ice Cube"	NA	"Tim"	"male"
4023	0	"farewell responsability dying and death night shift daughter"	"en"	"My Life Without Me"	7.958831	2003-03-07	9726954	106	7.2	77	"Drama"	2003	3	7	"Sarah Polley"	"female"	"Isabel"	"female"
2168	2e+07	"small town rancher"	"en"	"Appaloosa"	16.074397	2008-09-12	20211394	115	6.3	299	"Drama"	2008	9	12	"Viggo Mortensen"	"male"	"Ed"	"male"
1632	3e+07	"evidence passport argument county jail fingerprints"	"en"	"The Next Three Days"	34.421696	2010-11-18	51148651	133	6.9	905	"Drama"	2010	11	18	"Russell Crowe"	"male"	"Paul"	"male"
888	5e+07	"sheriff farm bikini redneck moonshine"	"en"	"The Dukes of Hazzard"	15.98212	2005-08-05	110803676	104	5.1	316	"Comedy"	2005	8	5	"Johnny Knoxville"	"male"	"Jay"	"male"
4291	1200000	"shotgun based on short film sadist pistol chained"	"en"	"Saw"	63.655973	2004-10-01	103911669	103	7.2	2184	"Crime"	2004	10	1	"Cary Elwes"	"male"	"James"	"male"
4064	0	"mentally disabled"	"en"	"Elling"	2.526356	2001-03-16	0	89	7	51	"Drama"	2001	3	16	"Per Christian"	"male"	"Petter"	"male"
3110	0	"prostitute rape stripper independent film teenage girl"	"en"	"Welcome to the Rileys"	6.085879	2010-10-29	42145	110	6.4	139	"Drama"	2010	10	29	"Kristen Stewart"	"female"	"Jake"	"male"
898	5e+07	"moon cinema vampire werewolf fang vamp"	"en"	"The Twilight Saga: New Moon"	94.815867	2009-03-15	709827462	130	5.6	2436	"Drama"	2009	3	15	"Kristen Stewart"	"female"	"Chris"	"male"
4239	0	NA	"en"	"Stolen Summer"	0.87066	2002-03-22	0	91	6.4	9	"Drama"	2002	3	22	"Aidan Quinn"	"male"	"Pete"	"male"
123	1.5e+08	"saving the world artificial intelligence man vs machine flying philosophy"	"en"	"The Matrix Revolutions"	73.313918	2003-11-05	424988211	129	6.4	3096	"Thriller"	2003	11	5	"Keanu Reeves"	"male"	"Lilly"	"female"
508	7.3e+07	"exotic island dna paleontology tyrannosaurus rex velociraptor"	"en"	"The Lost World: Jurassic Park"	2.502487	1997-05-23	229074524	129	6.2	2487	"Action"	1997	5	23	"Jeff Goldblum"	"male"	"Steven"	"male"
476	8e+07	"clone dystopia"	"en"	"Surrogates"	36.664991	2009-09-24	122444772	89	5.9	1195	"Thriller"	2009	9	24	"Bruce Willis"	"male"	"Jonathan"	"male"
777	6e+07	"angel vampire werewolf warlock downworlder"	"en"	"The Mortal Instruments: City of Bones"	45.514031	2013-08-21	90565421	130	6.2	1602	"Drama"	2013	8	21	"Lily Collins"	"female"	"Harald"	"male"
377	9e+07	"new york terrorist anonymity northern ireland"	"en"	"The Devil's Own"	15.350451	1997-03-12	140807547	107	5.9	290	"Drama"	1997	3	12	"Harrison Ford"	"male"	"Alan"	"male"
1038	2.5e+07	"undercover biography drug drug lord"	"en"	"The Infiltrator"	24.672234	2016-07-13	15436808	127	6.6	573	"Drama"	2016	7	13	"Bryan Cranston"	"male"	"Brad"	"male"
956	4.5e+07	"martial arts mutant dystopia rescue conspiracy"	"en"	"Resident Evil: Apocalypse"	29.880122	2004-09-10	129394835	94	6.1	1267	"Action"	2004	9	10	"Milla Jovovich"	"female"	"Alexander"	"male"
4756	50000	"obsession nightmare notebook cult h.p. lovecraft"	"en"	"The Call of Cthulhu"	1.777148	2005-01-01	0	47	6.9	41	"Thriller"	2005	1	1	"Matt Foyer"	"male"	"Andrew"	"male"
193	1.3e+08	"dystopia"	"en"	"After Earth"	42.840582	2013-05-30	243843127	100	5	2532	"Action"	2013	5	30	"Jaden Smith"	"male"	"M."	NA
1800	2.6e+07	"poison blackmail masked ball historical figure buried alive"	"en"	"The Raven"	22.520842	2012-03-09	29657751	111	6.1	426	"Thriller"	2012	3	9	"John Cusack"	"male"	"James"	"male"
1840	2.5e+07	"based on novel wife husband relationship photo kennel playing chess"	"en"	"The Lucky One"	26.811541	2012-04-19	99357138	101	6.8	946	"Drama"	2012	4	19	"Zac Efron"	"male"	"Scott"	"male"
4551	0	"cancer teenager teen drama bucket list based on young adult novel"	"en"	"Now Is Good"	14.142073	2012-05-25	0	103	7.3	371	"Drama"	2012	5	25	"Dakota Fanning"	"male"	"Ol"	NA
1364	3.5e+07	"conspiracy of murder bad boss employee death of father stakeout"	"en"	"Horrible Bosses"	50.309843	2011-07-08	1.17e+08	98	6.5	2277	"Comedy"	2011	7	8	"Jennifer Aniston"	"female"	"Seth"	"male"
717	6e+07	"based on novel sniper investigation police quarry"	"en"	"Jack Reacher"	56.868399	2012-12-20	218340595	130	6.3	2998	"Drama"	2012	12	20	"Tom Cruise"	"male"	"Christopher"	"male"
3335	7500000	NA	"en"	"Pound of Flesh"	4.943588	2015-05-07	0	104	5.5	63	"Action"	2015	5	7	"Jean-Claude Van"	NA	"Ernie"	"male"
4256	0	NA	"en"	"Checkmate"	1.105357	2015-07-03	0	102	4.2	13	"Thriller"	2015	7	3	"Danny Glover"	"male"	"Timothy"	"male"
703	6e+07	"new york parish hall romantic comedy lawyer billionaire"	"en"	"Two Weeks Notice"	24.153567	2002-12-19	93354918	101	5.9	487	"Comedy"	2002	12	19	"Sandra Bullock"	"female"	"Marc"	"male"
63	1.8e+08	"saving the world witch based on novel brother sister relationship self sacrifice"	"en"	"The Chronicles of Narnia: The Lion, the Witch and the Wardrobe"	67.391328	2005-12-07	748806957	143	6.7	2629	"Adventure"	2005	12	7	"William Moseley"	"male"	"Andrew"	"male"
4494	7e+05	"god woman director"	"en"	"Walter"	2.659006	2015-03-13	0	87	5.3	26	"Drama"	2015	3	13	"Andrew J."	"male"	"Anna"	"female"
3128	0	"ira slot machine riot police woman director"	"en"	"Fifty Dead Men Walking"	4.481897	2008-09-10	0	117	6.1	35	"Thriller"	2008	9	10	"Ben Kingsley"	"male"	"Kari"	"female"
3968	0	"composer obsession"	"en"	"Enter the Dangerous Mind"	1.998826	2013-03-11	0	88	4.8	14	"Thriller"	2013	3	11	"Jake Hoffman"	"male"	"Youssef"	"male"
4590	0	"kidnapping"	"en"	"Show Me"	0.231297	2004-09-23	0	97	5.6	4	"Drama"	2004	9	23	"Michelle Nolden"	"female"	"Cassandra"	"female"
1872	2e+07	"snake expedition traitor research orchid"	"en"	"Anacondas: The Hunt for the Blood Orchid"	9.855474	2004-08-26	70992898	97	4.9	199	"Thriller"	2004	8	26	"Johnny Messner"	"male"	"Dwight"	"male"
1486	3.3e+07	"chain submachine gun undercover smuggling twin brother"	"en"	"The Punisher"	35.099611	2004-04-15	54700105	124	6.1	766	"Drama"	2004	4	15	"Thomas Jane"	"male"	"Jonathan"	"male"
2683	1.4e+07	"record store sexuality autograph underwear painting"	"en"	"All About the Benjamins"	5.102258	2002-03-08	25482931	95	5.8	48	"Comedy"	2002	3	8	"Ice Cube"	NA	"Kevin"	"male"
2058	2.2e+07	"prison fire manipulation seduction vegetarian"	"en"	"Stone"	12.445176	2010-10-07	9479718	105	5.2	192	"Drama"	2010	10	7	"Frances Conroy"	"female"	"John"	"male"
4393	1e+06	"racing car growing up scam male prostitute"	"en"	"Speedway Junky"	0.340019	1999-02-11	0	104	5.2	7	"Drama"	1999	2	11	"Jesse Bradford"	"male"	"Nickolas"	"male"
2120	2e+07	"nun deaf-mute orphan all girl troubled marriage"	"en"	"Orphan"	29.295801	2009-07-24	41596251	123	6.7	1261	"Thriller"	2009	7	24	"Vera Farmiga"	"female"	"Jaume"	NA
2348	1.8e+07	"mountains despair adventure utah alone"	"en"	"127 Hours"	52.464877	2010-11-05	35692920	94	7	2606	"Drama"	2010	11	5	"James Franco"	"male"	"Danny"	"male"
20	2.15e+08	"loss of father vigilante serum marvel comic scientific experiment"	"en"	"The Amazing Spider-Man"	89.866276	2012-06-27	752215857	136	6.5	6586	"Action"	2012	6	27	"Andrew Garfield"	"male"	"Marc"	"male"
3926	3e+06	"poetry eroticism woman director"	"en"	"Kama Sutra - A Tale of Love"	3.937939	1996-09-11	4109095	117	5.7	35	"Drama"	1996	9	11	"Indira Varma"	"female"	"Mira"	"female"
3114	1e+07	"widower"	"en"	"Elsa & Fred"	2.849895	2014-03-07	0	104	6.2	31	"Comedy"	2014	3	7	"Shirley MacLaine"	"female"	"Michael"	"male"
3849	0	"pastor based on true story wrestler"	"en"	"The Masked Saint"	0.909067	2016-01-08	0	111	2.9	7	"Action"	2016	1	8	"Brett Granstaff"	"male"	"Warren"	"male"
3508	6e+06	"orphan rainbow"	"en"	"A Shine of Rainbows"	12.099486	2009-10-01	0	101	6.3	14	"Drama"	2009	10	1	"Connie Nielsen"	"female"	"Vic"	"male"
694	6e+07	"paris barcelona spain assassin based on novel secret identity"	"en"	"The Bourne Identity"	86.476817	2002-06-14	214034224	119	7.3	3583	"Drama"	2002	6	14	"Matt Damon"	"male"	"Doug"	"male"
1909	2.5e+07	"biography based on true story gangster twins"	"en"	"Legend"	32.854557	2015-09-09	42972994	131	6.7	973	"Thriller"	2015	9	9	"Tom Hardy"	"male"	"Brian"	"male"
1533	3.1e+07	"american football billard baseball bat richard nixon psychic power"	"en"	"Hearts in Atlantis"	7.06762	2001-09-07	24185781	101	6.4	131	"Drama"	2001	9	7	"Anthony Hopkins"	"male"	"Scott"	"male"
4715	0	"journalist independent film hand clapping game cult leader"	"en"	"Sound of My Voice"	6.192383	2011-01-22	0	85	6.3	108	"Drama"	2011	1	22	"Brit Marling"	"male"	"Zal"	NA
1312	3.8e+07	"profession karate daughter bef\u00f6rderung ex-wife"	"en"	"Joe Somebody"	5.257009	2001-12-21	0	99	5.5	40	"Comedy"	2001	12	21	"Tim Allen"	"male"	"John"	"male"
858	5e+07	"musical the muppets"	"en"	"Muppets Most Wanted"	14.808304	2014-03-20	80383290	112	6.2	316	"Comedy"	2014	3	20	"Ricky Gervais"	"male"	"James"	"male"
469	7.5e+07	"california spy father son relationship mexico hero"	"en"	"The Legend of Zorro"	31.054334	2005-10-24	142400065	129	5.9	893	"Action"	2005	10	24	"Antonio Banderas"	"male"	"Martin"	"male"
467	9e+07	"gorilla dying and death"	"en"	"Mighty Joe Young"	6.643778	1998-12-25	0	114	5.9	208	"Action"	1998	12	25	"Charlize Theron"	"female"	"Ron"	"male"
1876	2.5e+07	"route 66 puppet evil doll killer doll killer toys"	"en"	"Bride of Chucky"	14.340095	1998-10-16	50671850	89	5.5	350	"Comedy"	1998	10	16	"Ed Gale"	"male"	"Ronny"	"male"
2828	1.2e+07	"vandalism high school swimming pool party teen movie"	"en"	"Project X"	49.070321	2012-03-01	1e+08	88	6.5	1564	"Comedy"	2012	3	1	"Oliver Cooper"	"male"	"Nima"	"male"
2250	2e+06	"gallows australia psychopath outlaw misanthrope"	"en"	"The Proposition"	14.617944	2005-10-06	5048693	104	7.1	218	"Drama"	2005	10	6	"Guy Pearce"	"male"	"John"	"male"
3428	0	"mutation bat attack closed mine bat attack"	"en"	"Bats"	1.537859	1999-10-22	10	91	4.1	35	"Thriller"	1999	10	22	"Lou Diamond"	"female"	"Louis"	"male"
1305	3.8e+07	"clown elephant trainer veterinary"	"en"	"Water for Elephants"	16.801218	2011-03-15	114156230	120	6.7	850	"Drama"	2011	3	15	"Robert Pattinson"	"male"	"Francis"	"male"
892	5.2e+07	"poker drug abuse 1970s overdose illegal prostitution"	"en"	"Casino"	40.06688	1995-11-22	116112375	178	7.8	1307	"Drama"	1995	11	22	"Robert De"	"male"	"Martin"	"male"
1266	4e+07	"vampire spider wolfman stew best friend"	"en"	"Cirque du Freak: The Vampire's Assistant"	16.424807	2009-10-23	28169671	109	5.5	348	"Thriller"	2009	10	23	"John C."	"male"	"Paul"	"male"
1512	3.2e+07	"robbery double life dual identity small town indiana"	"en"	"A History of Violence"	34.628738	2005-09-23	60740827	96	6.9	832	"Drama"	2005	9	23	"Viggo Mortensen"	"male"	"David"	"male"
1557	3e+07	"transporter suicide attempt strong woman boxer dying and death"	"en"	"Million Dollar Baby"	70.456012	2004-12-15	216763646	132	7.7	2439	"Drama"	2004	12	15	"Clint Eastwood"	"male"	"Clint"	"male"
2345	1.8e+07	"hotel florist forest grief seminar"	"en"	"Love Happens"	13.472365	2009-09-18	36133014	109	5.6	180	"Drama"	2009	9	18	"Aaron Eckhart"	"male"	"Brandon"	"male"
3485	6e+06	NA	"en"	"Only the Strong"	5.411243	1993-08-27	3283371	99	6.9	29	"Action"	1993	8	27	"Mark Dacascos"	"male"	"Sheldon"	"male"
4413	0	NA	"en"	"Childless"	0.243853	2015-04-03	0	90	4.5	2	NA	2015	4	3	"Barbara Hershey"	"female"	"Charlie"	"male"
1999	2.5e+07	"london england based on novel key adventure supernatural"	"en"	"The Adventurer: The Curse of the Midas Box"	8.842722	2013-12-05	6399	99	5.1	73	"Adventure"	2013	12	5	"Aneurin Barnard"	NA	"Jonathan"	"male"
3863	0	"drama romance gay relationship"	"en"	"August"	1.419431	2011-06-09	0	100	6.2	15	"Drama"	2011	6	9	"Murray Bartlett"	"male"	"Eldar"	"male"
4157	2e+06	"self-defense car mechanic graduation high school shooting"	"en"	"The Curse of Downers Grove"	2.00163	2015-08-21	0	89	4.4	24	"Drama"	2015	8	21	"Bella Heathcote"	"female"	"Derick"	"male"
2329	0	"aunt remake blood on shirt slasher death of family"	"en"	"Prom Night"	9.642041	2008-04-10	14796236	88	4.8	167	"Crime"	2008	4	10	"Brittany Snow"	"female"	"Nelson"	"male"
4305	0	NA	"en"	"Down & Out With The Dolls"	0.002386	2003-03-20	0	88	0	0	"Comedy"	2003	3	20	NA	NA	NA	NA
161	1.4e+08	"egypt underworld fight mythology nile"	"en"	"Gods of Egypt"	56.257249	2016-02-25	150680864	127	5.3	1277	"Fantasy"	2016	2	25	"Brenton Thwaites"	"male"	"Alex"	"male"
2445	1.7e+07	"experiment supernatural paranormal haunting disappearance"	"en"	"The Apparition"	6.385234	2012-08-23	9627492	82	4.5	140	"Thriller"	2012	8	23	"Ashley Greene"	"female"	"Todd"	"male"
4354	0	"gay"	"en"	"Departure"	0.42583	2016-05-20	0	109	7.5	12	"Drama"	2016	5	20	"Juliet Stevenson"	"female"	"Andrew"	"male"
613	6.8e+07	"quebec jewel scepter customs house jewelry heist"	"en"	"The Score"	22.572323	2001-07-13	71069884	124	6.7	423	"Thriller"	2001	7	13	"Robert De"	"male"	"Frank"	"male"
1450	20500000	"broken neck fbi agent wall safe trashed house aerial shot"	"en"	"Punisher: War Zone"	17.112498	2008-12-05	10089373	102	5.6	294	"Action"	2008	12	5	"Ray Stevenson"	"male"	"Lexi"	"female"
179	1.32e+08	"penguin madagascar 3d"	"en"	"Penguins of Madagascar"	84.366984	2014-11-22	373552094	92	6.5	1346	"Comedy"	2014	11	22	"Tom McGrath"	"male"	"Eric"	"male"
2680	1.3e+07	"capitalism prime minister argentina margaret thatcher british overseas territory"	"en"	"The Iron Lady"	23.3784	2011-12-30	114956699	105	6.2	527	"Drama"	2011	12	30	"Meryl Streep"	"female"	"Phyllida"	NA
2226	0	NA	"en"	"Doogal"	1.682839	2006-02-24	0	85	3.2	18	"Family"	2006	2	24	"Daniel Tay"	"male"	"Frank"	"male"
182	1.3e+08	"marvel comic superhero based on comic book aftercreditsstinger duringcreditsstinger"	"en"	"Ant-Man"	120.09361	2015-07-14	519311965	117	7	5880	"Action"	2015	7	14	"Paul Rudd"	"male"	"Peyton"	"female"
4140	2	"music actors legendary perfomer classic hollywood frank sinatra"	"en"	"To Be Frank, Sinatra at 100"	0.050625	2015-12-12	0	NA	0	0	"Documentary"	2015	12	12	"Tony Oppedisano"	"male"	"Simon"	"male"
1901	2.5e+07	"sport"	"en"	"The Greatest Game Ever Played"	7.538513	2005-09-30	15431177	120	6.9	110	"Drama"	2005	9	30	"Shia LaBeouf"	"male"	"Bill"	"male"
764	8e+07	"competition world war i great depression caddy savannah"	"en"	"The Legend of Bagger Vance"	16.848899	2000-11-02	39459427	126	6.3	251	"Drama"	2000	11	2	"Matt Damon"	"male"	"Robert"	"male"
2630	1.5e+07	"soul based on novel sadness forgiveness dystopia"	"en"	"Never Let Me Go"	30.983397	2010-09-15	9455232	104	6.8	737	"Drama"	2010	9	15	"Carey Mulligan"	"male"	"Mark"	"male"
4058	2300000	"island airplane survival soccer crash"	"en"	"Eden"	2.713171	2015-10-22	0	97	5.6	19	"Drama"	2015	10	22	"Jessica Lowndes"	"female"	"Shyam"	"male"
1115	4.3e+07	"roommate marriage aftercreditsstinger duringcreditsstinger"	"en"	"The Sweetest Thing"	18.65632	2002-04-12	68696770	84	5.3	280	"Comedy"	2002	4	12	"Cameron Diaz"	"male"	"Roger"	"male"
4446	850000	"crude humor best friend phone sex innuendo dirty joke"	"en"	"For a Good Time, Call..."	14.238376	2012-08-31	1243961	85	5.8	110	"Comedy"	2012	8	31	"Ari Graynor"	"male"	"Jamie"	"female"
1314	3.8e+07	"new york surgeon british suspense morgue"	"en"	"Extreme Measures"	3.426555	1996-09-27	17380126	118	5.7	80	"Drama"	1996	9	27	"Hugh Grant"	"male"	"Michael"	"male"
790	58800000	"sniper biography iraq navy seal u.s. soldier"	"en"	"American Sniper"	87.53437	2014-12-11	542307423	133	7.4	4469	"Action"	2014	12	11	"Bradley Cooper"	"male"	"Clint"	"male"
4265	0	"murder suspense love affair police interrogation murder trial"	"fr"	"The Blue Room"	2.486992	2014-05-16	0	75	6.2	32	"Drama"	2014	5	16	"Mathieu Amalric"	"male"	"Mathieu"	"male"
478	8e+07	"taxi new jersey helicopter river hero"	"en"	"Daylight"	16.681269	1996-12-06	159212469	115	5.8	378	"Thriller"	1996	12	6	"Sylvester Stallone"	"male"	"Rob"	"male"
1075	4.5e+07	"widow american abroad eye gouging dea agent shot in the shoulder"	"en"	"Savages"	31.856589	2012-07-06	82966152	131	6.2	766	"Drama"	2012	7	6	"Blake Lively"	"male"	"Oliver"	"male"
204	1.25e+08	"brazil fbi freedom escape from prison car crash"	"en"	"Fast Five"	7.255718	2011-04-20	626137675	130	7.1	2438	"Thriller"	2011	4	20	"Vin Diesel"	"male"	"Justin"	"male"
1353	3.6e+07	"autism based on article"	"de"	"Isn't She Great"	1.068453	2000-01-28	3003296	95	4.6	14	"Drama"	2000	1	28	"Bette Midler"	"female"	"Andrew"	"male"
3573	9e+06	"individual insulin tattoo waitress amnesia"	"en"	"Memento"	60.715151	2000-10-11	39723096	113	8.1	4028	"Thriller"	2000	10	11	"Guy Pearce"	"male"	"Christopher"	"male"
4258	0	NA	"en"	"Wind Walkers"	0.446858	2016-01-28	0	93	7.5	6	"Thriller"	2016	1	28	"Zane Holtz"	"male"	"Russell"	"male"
80	1.7e+08	"queen magic fairy tale immortality forest"	"en"	"Snow White and the Huntsman"	77.178973	2012-05-30	396600000	127	5.8	3118	"Drama"	2012	5	30	"Kristen Stewart"	"female"	"Rupert"	"male"
3266	8e+06	"single parent waitress fountain friendship high school"	"en"	"Prom"	11.837067	2011-04-29	10130000	104	5.7	134	"Comedy"	2011	4	29	"Aimee Teegarden"	"female"	"Joe"	"male"
1776	0	"fictional place opera musical"	"en"	"The Magic Flute"	0.548435	2006-09-07	0	133	6.9	6	"Drama"	2006	9	7	"Joseph Kaiser"	"male"	"Kenneth"	"male"
3514	4e+06	"netherlands world war ii"	"nl"	"Winter in Wartime"	5.013575	2008-11-17	530048	103	6.8	66	"Drama"	2008	11	17	"Martijn Lakemeier"	"male"	"Martin"	"male"
284	1e+08	"nurse cat father-in-law vomit kids and family"	"en"	"Little Fockers"	32.389353	2010-12-21	310650585	98	5.4	1060	"Comedy"	2010	12	21	"Robert De"	"male"	"Paul"	"male"
1597	3e+07	"sport"	"en"	"Southpaw"	65.364452	2015-06-15	91709827	123	7.3	2067	"Drama"	2015	6	15	"Jake Gyllenhaal"	"male"	"Antoine"	"male"
849	5.5e+07	"corruption mother nudity minister power"	"en"	"Changeling"	27.50916	2008-01-30	113020255	141	7.3	1131	"Drama"	2008	1	30	"Angelina Jolie"	"female"	"Clint"	"male"
269	1.05e+08	"based on novel voodoo kiss princess animation"	"en"	"The Princess and the Frog"	62.479574	2009-12-08	267045765	97	6.7	1247	"Romance"	2009	12	8	"Anika Noni"	"female"	"Ron"	"male"
3092	1e+07	"independent film duringcreditsstinger"	"en"	"The Joneses"	14.979375	2009-09-13	7022728	96	6.1	210	"Drama"	2009	9	13	"David Duchovny"	"male"	"Derrick"	"male"
1022	4.7e+07	"prison prostitute karaoke dark comedy cable guy"	"en"	"The Cable Guy"	19.525659	1996-06-10	102825796	96	5.7	594	"Drama"	1996	6	10	"Jim Carrey"	"male"	"Ben"	"male"
2235	8700000	"california detective based on novel dream undercover"	"en"	"A Scanner Darkly"	26.093043	2006-05-25	7659918	100	6.8	532	"Thriller"	2006	5	25	"Keanu Reeves"	"male"	"Richard"	"male"
1053	4.5e+07	"space battle spaceship spoof fictional tv show"	"en"	"Galaxy Quest"	30.816341	1999-12-23	90683916	102	6.9	710	"Comedy"	1999	12	23	"Tim Allen"	"male"	"Dean"	"male"
1672	3e+07	"martial arts sword revolution blood gunfight"	"zh"	"1911"	4.065212	2011-07-03	108348	125	5	41	"Drama"	2011	7	3	"Jackie Chan"	"female"	"Jackie"	"female"
340	9.8e+07	"exotic island treasure map ship scalp"	"en"	"Cutthroat Island"	7.029308	1995-12-22	10017322	119	5.7	136	"Action"	1995	12	22	"Geena Davis"	"female"	"Renny"	"male"
2506	0	"sport independent film"	"en"	"Madison"	0.212108	2001-01-23	0	99	5.3	3	"Drama"	2001	1	23	"Jim Caviezel"	"male"	"William"	"male"
297	1e+08	"rebel journalist journalism loss of family slavery"	"en"	"Blood Diamond"	52.792678	2006-12-07	170877916	143	7.3	2281	"Drama"	2006	12	7	"Leonardo DiCaprio"	"male"	"Edward"	"male"
2775	1.3e+07	"court case staatsanw\u00e4ltin family clan gangster"	"en"	"Find Me Guilty"	12.321302	2006-03-16	2636637	125	6.5	138	"Drama"	2006	3	16	"Vin Diesel"	"male"	"Sidney"	"male"
3773	0	"becoming an adult thumb first time hypnosis thumb sucking"	"en"	"Thumbsucker"	4.757625	2005-01-23	1919197	96	6.1	67	"Drama"	2005	1	23	"Lou Taylor"	"female"	"Mike"	"male"
213	1.25e+08	"terror spain cia helicopter secret identity"	"en"	"Mission: Impossible II"	54.931334	2000-05-24	546388105	123	5.9	1928	"Thriller"	2000	5	24	"Tom Cruise"	"male"	"John"	"male"
4138	1e+05	"slapstick teen angst slaughter dark comedy supernatural being"	"en"	"Stitches"	7.447714	2012-05-19	95000	86	5.5	92	"Horror"	2012	5	19	"Ross Noble"	"male"	"Conor"	"male"
1232	4e+07	"work ethic tv morning show tv reporter"	"en"	"Morning Glory"	22.491388	2010-01-12	58785180	102	6.1	412	"Drama"	2010	1	12	"Rachel McAdams"	"female"	"Roger"	"male"
3558	4900000	"suicide darkness basement based on short story fear of the dark"	"en"	"Lights Out"	48.170508	2016-07-21	44107032	81	6.3	1129	"Thriller"	2016	7	21	"Teresa Palmer"	"female"	"David"	"male"
3182	9e+06	"mascot beer keg political correctness ultimate frisbee funky music"	"en"	"PCU"	8.738737	1994-04-29	4350774	79	6	41	"Comedy"	1994	4	29	"Jeremy Piven"	"male"	"Hart"	"male"
1352	3.6e+07	"paraplegic suicide attempt cheating dna spaceman"	"en"	"Gattaca"	70.398356	1997-09-07	12532777	106	7.5	1808	"Thriller"	1997	9	7	"Ethan Hawke"	"male"	"Andrew"	"male"
378	1e+08	"submarine soviet union core melt north atlantic nuclear"	"en"	"K-19: The Widowmaker"	15.625949	2002-07-19	35168966	138	6.1	264	"Drama"	2002	7	19	"Harrison Ford"	"male"	"Kathryn"	"female"
1888	2.3e+07	"underdog olympic games ski jump biography sport"	"en"	"Eddie the Eagle"	29.365851	2016-02-26	46152800	106	7.2	661	"Drama"	2016	2	26	"Taron Egerton"	"male"	"Dexter"	"male"
1117	4.4e+07	"brother brother relationship based on novel sailing ghost young adult"	"en"	"Charlie St. Cloud"	21.75433	2010-05-01	48190704	99	6.8	566	"Drama"	2010	5	1	"Zac Efron"	"male"	"Burr"	"male"
420	8.5e+07	"auction northern ireland resignation superhero rebellion"	"en"	"Hellboy II: The Golden Army"	58.57976	2008-07-11	160388063	120	6.5	1527	"Adventure"	2008	7	11	"Ron Perlman"	"male"	"Guillermo"	"male"
4254	0	"winter mutant post-apocalyptic dystopia meteor"	"en"	"Mutant World"	1.893697	2014-09-27	1500000	85	2.6	9	"Fiction"	2014	9	27	"Kim Coates"	"female"	"David"	"male"
2913	11500000	"grandfather grandson relationship grandfather road trip wedding retired"	"en"	"Dirty Grandpa"	56.805781	2016-01-21	94073028	102	5.7	1406	"Comedy"	2016	1	21	"Zac Efron"	"male"	"Dan"	"male"
1767	2.7e+07	"serial killer"	"en"	"Suspect Zero"	8.715822	2004-08-27	1.3e+07	99	5.5	98	"Thriller"	2004	8	27	"Carrie-Anne Moss"	NA	"E."	NA
2535	1.5e+07	"screenplay film producer auto right and justice liar"	"en"	"Big Fat Liar"	9.125594	2002-02-08	52970014	88	5.6	197	"Comedy"	2002	2	8	"Frankie Muniz"	"male"	"Shawn"	"male"
3211	7e+06	"taxi country music journalist guitar bar"	"en"	"Crazy Heart"	17.697042	2009-12-16	39462438	112	6.8	274	"Drama"	2009	12	16	"Jeff Bridges"	"male"	"Scott"	"male"
2092	2e+07	"tv show heavy metal television producer woman director"	"en"	"Wayne's World"	21.815122	1992-02-14	121697323	94	6.5	728	"Comedy"	1992	2	14	"Mike Myers"	"male"	"Penelope"	"female"
3111	0	"video game mafia police academy moscow commandant"	"en"	"Police Academy: Mission to Moscow"	11.946898	1994-06-09	126247	83	4.1	178	"Comedy"	1994	6	9	"George Gaynes"	"male"	"Alan"	"male"
1843	0	"christmas"	"en"	"A Madea Christmas"	5.377155	2013-12-13	0	100	7	35	"Drama"	2013	12	13	"Tyler Perry"	"male"	"Tyler"	"male"
3929	0	"armageddon warlock"	"en"	"Warlock: The Armageddon"	3.107149	1993-05-01	0	98	5.2	38	"Fiction"	1993	5	1	"Julian Sands"	"male"	"Anthony"	"male"
671	5.5e+07	"mountains snow storm hiking climbing snow"	"en"	"Everest"	60.246978	2015-09-10	203427584	121	6.7	1772	"Drama"	2015	9	10	"Jason Clarke"	"male"	"Baltasar"	"male"
120	1.5e+08	"africa jealousy dance hunger lion"	"en"	"Madagascar: Escape 2 Africa"	44.141021	2008-10-30	603900354	89	6.2	1810	"Family"	2008	10	30	"Ben Stiller"	"male"	"Eric"	"male"
4750	0	NA	"en"	"The Dirties"	0.833937	2013-10-04	0	83	6	42	"Drama"	2013	10	4	"Matt Johnson"	"male"	"Matt"	"male"
2257	1e+07	"france hotel 1970s grief travel"	"en"	"By the Sea"	11.267676	2015-11-12	3727746	122	5.4	156	"Drama"	2015	11	12	"Angelina Jolie"	"female"	"Angelina"	"female"
2336	1.5e+07	"airplane hijacking terror cell emergency landing war on terror"	"en"	"United 93"	17.50138	2006-04-28	76286096	111	6.9	367	"Drama"	2006	4	28	"J.J. Johnson"	NA	"Paul"	"male"
3218	8500000	"high school teenager popularity high school student teen comedy"	"en"	"The DUFF"	40.28709	2015-02-20	43528634	100	6.8	1322	"Comedy"	2015	2	20	"Mae Whitman"	"female"	"Ari"	"male"
1653	3e+07	"sheriff small town hostage prisoner fbi"	"en"	"The Last Stand"	43.882857	2013-01-12	0	107	5.7	1266	"Thriller"	2013	1	12	"Arnold Schwarzenegger"	"male"	"Kim"	"female"
2347	0	"musical duringcreditsstinger"	"en"	"Fame"	7.668063	2009-01-01	0	107	5.5	135	"Drama"	2009	1	1	"Kay Panabaker"	"female"	"Kevin"	"male"
4796	7000	"distrust garage identity crisis time travel time machine"	"en"	"Primer"	23.307949	2004-10-08	424760	77	6.9	658	"Drama"	2004	10	8	"Shane Carruth"	"male"	"Shane"	"male"
3446	6e+06	"usa president jihad saudi arabia war on terror iraq"	"en"	"Fahrenheit 9/11"	16.20985	2004-06-25	119114517	122	6.8	397	"Documentary"	2004	6	25	"Robert De"	"male"	"Michael"	"male"
1260	1e+07	"paris love triangle ghost train sex-shop shyness"	"fr"	"AmÃ©lie"	73.720244	2001-04-25	173921954	122	7.8	3310	"Comedy"	2001	4	25	"Audrey Tautou"	"female"	"Jean-Pierre"	NA
943	4.5e+07	"bank technology blackmail hacker seattle"	"en"	"Firewall"	18.186026	2006-02-10	82800000	105	5.6	267	"Thriller"	2006	2	10	"Harrison Ford"	"male"	"Richard"	"male"
4603	0	"human animal relationship dog german shepherd woman director"	"en"	"My Dog Tulip"	1.170257	2009-01-01	246574	83	7.6	9	"Drama"	2009	1	1	"Christopher Plummer"	"male"	"Paul"	"male"
3547	0	"rejection friendship youth"	"en"	"A Room for Romeo Brass"	1.391958	1999-08-23	0	90	7.3	18	"Drama"	1999	8	23	"Paddy Considine"	"female"	"Shane"	"male"
807	5.6e+07	"bodybuilder children body guard scientist family"	"en"	"The Pacifier"	35.4763	2005-03-04	113006880	95	5.8	842	"Drama"	2005	3	4	"Vin Diesel"	"male"	"Adam"	"male"
884	4e+07	"assassination cia hotel terrorist prisoner"	"en"	"Zero Dark Thirty"	38.306954	2012-12-19	132820716	157	6.7	1702	"Drama"	2012	12	19	"Jessica Chastain"	"female"	"Kathryn"	"female"
339	9.2e+07	"secret identity secret hero island wretch"	"en"	"The Incredibles"	77.817571	2004-11-05	631442092	115	7.4	5152	"Action"	2004	11	5	"Craig T."	"male"	"Brad"	"male"
927	6e+07	"holiday christmas"	"en"	"Christmas with the Kranks"	9.225166	2004-11-24	0	99	5.2	193	"Comedy"	2004	11	24	"Tim Allen"	"male"	"Joe"	"male"
2488	1.6e+07	"blindness and impaired vision creative crisis film director"	"en"	"Hollywood Ending"	8.711782	2002-05-03	0	112	6.4	113	"Drama"	2002	5	3	"Woody Allen"	"male"	"Woody"	"male"
1056	4.5e+07	"suicide hero vampire bite fistfight"	"en"	"Blade"	43.815492	1998-08-21	131183530	120	6.5	1905	"Action"	1998	8	21	"Wesley Snipes"	"male"	"Stephen"	"male"
2401	0	NA	"en"	"City of Ghosts"	2.64486	2002-01-01	0	116	5.4	18	"Thriller"	2002	1	1	"Matt Dillon"	"male"	"Matt"	"male"
3132	0	"london england indian lead murder matchmaking ghost"	"en"	"It's a Wonderful Afterlife"	1.259968	2010-05-07	0	99	4.3	9	"Comedy"	2010	5	7	"Shabana Azmi"	"female"	"Gurinder"	"male"
3064	1e+07	"father son relationship new love fianc\u00e9 training rent"	"en"	"Run, Fatboy, Run"	14.905357	2007-09-06	3.3e+07	100	6.2	238	"Comedy"	2007	9	6	"Simon Pegg"	"male"	"David"	"male"
4233	0	NA	"en"	"Unsullied"	0.06124	2015-08-28	0	93	3	1	"Thriller"	2015	8	28	"Rusty Joiner"	"male"	"Simeon"	"male"
2410	1.7e+07	NA	"en"	"Good Boy!"	3.56033	2003-10-10	0	87	4.7	30	"Comedy"	2003	10	10	"Molly Shannon"	"female"	"John"	"male"
2495	2e+07	"amnesia art thief hypnotism heist movie duringcreditsstinger"	"en"	"Trance"	38.802415	2013-03-27	24261569	101	6.5	956	"Drama"	2013	3	27	"James McAvoy"	"male"	"Danny"	"male"
2461	1.6e+07	"new england first love eye patch search party devastation"	"en"	"Moonrise Kingdom"	41.083914	2012-05-16	68263166	94	7.6	1662	"Drama"	2012	5	16	"Bruce Willis"	"male"	"Wes"	"male"
434	8.2e+07	"prison american football prisoner blackmail supervisor"	"en"	"The Longest Yard"	26.065735	2005-05-19	190320568	113	6.2	785	"Drama"	2005	5	19	"Adam Sandler"	"male"	"Peter"	"male"
283	1e+08	"hostage new york city new york subway subway train stock market"	"en"	"The Taking of Pelham 1 2 3"	40.597856	2009-06-11	150166126	106	6.2	954	"Drama"	2009	6	11	"Denzel Washington"	"male"	"Tony"	"male"
3885	2400000	"injection celebrity satire near future metamorphosis"	"en"	"Antiviral"	11.753553	2012-09-19	0	110	5.7	112	"Fiction"	2012	9	19	"Caleb Landry"	"male"	"Brandon"	"male"
4776	0	"office love independent film secretary misogynist"	"en"	"In the Company of Men"	2.634007	1997-01-19	0	97	6.8	44	"Drama"	1997	1	19	"Aaron Eckhart"	"male"	"Neil"	"male"
705	7e+07	"island married couple yoga tahiti couples therapy"	"en"	"Couples Retreat"	26.676487	2009-09-19	171844840	113	5.3	588	"Comedy"	2009	9	19	"Vince Vaughn"	"male"	"Peter"	"male"
1561	3.5e+07	"double life pop star musical tennessee teenage girl"	"en"	"Hannah Montana: The Movie"	13.788422	2009-04-10	155545279	102	6	449	"Drama"	2009	4	10	"Miley Cyrus"	"female"	"Peter"	"male"
3016	1.4e+07	"soong sisters duringcreditsstinger"	"en"	"Sparkle"	2.698185	2012-08-17	24637469	116	5.8	36	"Drama"	2012	8	17	"Whitney Houston"	"female"	"Salim"	"male"
933	5e+07	"london england indian territory emperor revenge murder"	"en"	"Shanghai Knights"	16.251204	2003-02-06	88323487	115	6	692	"Comedy"	2003	2	6	"Jackie Chan"	"female"	"David"	"male"
4706	0	"autism independent film"	"en"	"The Horse Boy"	0.465404	2009-11-25	0	93	5.5	2	"Documentary"	2009	11	25	"Simon Baron-Cohen"	"male"	"Michel"	"male"
2134	19800000	"based on novel funeral dysfunctional family death of father man child"	"en"	"This Is Where I Leave You"	20.311684	2014-09-10	41296320	103	6.5	505	"Drama"	2014	9	10	"Jason Bateman"	"male"	"Shawn"	"male"
1860	2.5e+07	"paris prostitute drug"	"en"	"Kiss of the Dragon"	16.936576	2001-07-06	64437847	98	6.4	298	"Thriller"	2001	7	6	"Jet Li"	"male"	"Chris"	"male"
2890	0	"nun satire hospital half sister"	"en"	"Critical Care"	2.678715	1997-10-31	0	107	6.1	9	"Drama"	1997	10	31	"James Spader"	"male"	"Sidney"	"male"
1171	4e+07	"friendship sequel road movie buddy comedy"	"en"	"Dumb and Dumber To"	67.767785	2014-11-12	169837010	110	5.4	1127	"Comedy"	2014	11	12	"Jim Carrey"	"male"	"Bobby"	"male"
1889	2.5e+07	"prison father son relationship homicide begnadigung release from prison"	"en"	"He Got Game"	10.232599	1998-05-01	21567853	136	6.7	134	"Drama"	1998	5	1	"Denzel Washington"	"male"	"Spike"	"male"
186	1.3e+08	"miami ku klux klan cuba undercover mexican standoff"	"en"	"Bad Boys II"	38.068736	2003-07-18	273339556	147	6.3	1564	"Comedy"	2003	7	18	"Martin Lawrence"	"male"	"Michael"	"male"
4363	1e+06	NA	"en"	"20 Feet from Stardom"	5.247956	2013-06-14	0	89	7.4	85	"Music"	2013	6	14	"Bette Midler"	"female"	"Morgan"	"female"
4789	0	"addiction recovering drug addict estranged son"	"en"	"Clean"	1.464566	2004-09-01	0	111	6.7	17	"Drama"	2004	9	1	"Maggie Cheung"	"female"	"Olivier"	"male"
2041	2.2e+07	"journalist cat ransom kidnapping ancient rome"	"en"	"Hail, Caesar!"	39.006187	2016-02-05	63647656	106	5.7	1309	"Drama"	2016	2	5	"Josh Brolin"	"male"	"Joel"	"male"
3226	0	NA	"en"	"Namastey London"	1.840511	2007-03-27	0	128	6.6	29	"Drama"	2007	3	27	"Akshay Kumar"	"male"	"Vipul"	"male"
4542	5e+05	"monster pyramid radio dystopia infection"	"en"	"Monsters"	26.406001	2010-06-18	4242978	94	6.2	587	"Drama"	2010	6	18	"Whitney Able"	"female"	"Gareth"	"male"
3730	0	"space colony space travel simulated reality  spaceship suspense"	"de"	"Cargo"	10.142218	2009-09-24	0	120	5.9	140	"Thriller"	2009	9	24	"Martin Rapold"	"male"	"Ivan"	"male"
1392	0	"baseball pizza sport paperboy team"	"en"	"The Benchwarmers"	6.74556	2006-04-07	0	80	5.2	242	"Comedy"	2006	4	7	"Jon Heder"	"male"	"Dennis"	"male"
2376	0	"psychoanalysis comedian relationship problems advice experience"	"en"	"Anything Else"	8.945081	2003-08-27	0	108	6.2	149	"Comedy"	2003	8	27	"Woody Allen"	"male"	"Woody"	"male"
1100	4.5e+07	"buddhist monk cooking prime minister kitchen secret agent"	"en"	"Johnny English Reborn"	35.6585	2011-09-15	160078586	101	6	1007	"Comedy"	2011	9	15	"Rowan Atkinson"	"male"	"Oliver"	"male"
961	4e+07	"hippie exotic island beach map group dynamics"	"en"	"The Beach"	41.362082	2000-02-11	144056873	119	6.3	1233	"Drama"	2000	2	11	"Leonardo DiCaprio"	"male"	"Danny"	"male"
1933	0	"police high school undercover cop"	"en"	"Underclassman"	2.083856	2005-09-02	0	95	5.5	28	"Comedy"	2005	9	2	"Nick Cannon"	"male"	"Marcos"	"male"
3767	4e+06	"suicide clerk fetish sadomasochism lawyer"	"en"	"Secretary"	19.107285	2002-01-11	9304609	104	6.7	376	"Drama"	2002	1	11	"James Spader"	"male"	"Steven"	"male"
3295	8e+06	"new age woman director healer"	"en"	"Aloft"	6.500835	2014-02-12	53086	112	5.1	41	"Drama"	2014	2	12	"Jennifer Connelly"	"female"	"Claudia"	"female"
2231	0	"tv show bigfoot"	"en"	"Strange Wilderness"	4.961306	2008-02-01	6575282	87	4.7	69	"Comedy"	2008	2	1	"Steve Zahn"	"male"	"Fred"	"male"
1995	2.3e+07	"darkness dystopia comet alien life-form survival"	"en"	"Pitch Black"	18.493202	2000-02-18	53187659	108	6.7	1789	"Thriller"	2000	2	18	"Vin Diesel"	"male"	"David"	"male"
1825	2.5e+07	"showdown gi villain genius alien"	"en"	"Jimmy Neutron: Boy Genius"	12.739721	2001-12-21	80936232	83	5.6	231	"Comedy"	2001	12	21	"Debi Derryberry"	"female"	"John"	"male"
3999	2159280	"nun mine jew jewish poland"	"pl"	"Ida"	13.265432	2013-10-25	10700000	80	7.1	260	"Drama"	2013	10	25	"Agata Trzebuchowska"	"female"	"Pawe\u0142"	NA
3746	4e+06	"male nudity female nudity sex adultery infidelity"	"en"	"The Boy Next Door"	24.161735	2015-01-23	52425855	91	4.1	1022	"Thriller"	2015	1	23	"Jennifer Lopez"	"female"	"Rob"	"male"
685	5.3e+07	"competition olympic games sport rivalry ice skating"	"en"	"Blades of Glory"	19.412028	2007-03-30	0	93	5.9	569	"Drama"	2007	3	30	"Will Ferrell"	"male"	"Josh"	"male"
702	6e+07	"venice california train station helicopter austria"	"en"	"The Italian Job"	62.766854	2003-05-30	176070171	110	6.6	1919	"Action"	2003	5	30	"Mark Wahlberg"	"male"	"F."	NA
887	5.2e+07	"flower married couple florist kiss single"	"en"	"Valentine's Day"	25.41929	2010-02-10	216485654	125	5.7	1013	"Comedy"	2010	2	10	"Jessica Alba"	"female"	"Garry"	"male"
631	5.9e+07	"human evolution parents kids relationship squirrel ice loss of child"	"en"	"Ice Age"	99.561972	2002-03-10	383257136	81	7.1	3857	"Comedy"	2002	3	10	"Ray Romano"	"male"	"Chris"	"male"
4531	0	"woman director"	"en"	"Civil Brand"	0.665512	2003-08-29	0	95	5.3	4	"Drama"	2003	8	29	"LisaRaye McCoy"	NA	"Neema"	"female"
4571	0	NA	"en"	"Rise of the Entrepreneur: The Search for a Better Way"	0.052942	2014-11-20	0	0	8	1	NA	2014	11	20	NA	NA	NA	NA
1047	4.5e+07	"suicide brother brother relationship witness protection principal witness  brother"	"en"	"The Client"	17.746719	1994-07-20	117615211	119	6.4	278	"Drama"	1994	7	20	"Susan Sarandon"	"female"	"Joel"	"male"
1401	3.5e+07	"new york alcohol based on novel secret cheating"	"en"	"Something Borrowed"	14.029012	2011-05-05	59901913	112	5.9	296	"Drama"	2011	5	5	"Kate Hudson"	"female"	"Luke"	"male"
951	5e+07	"tornado student found footage disaster movie"	"en"	"Into the Storm"	20.566554	2014-08-06	160602194	89	5.8	817	"Thriller"	2014	8	6	"Richard Armitage"	"male"	"Steven"	"male"
1845	2.5e+07	"house imaginary friend suspense loss of wife"	"en"	"Hide and Seek"	18.228538	2005-01-27	122644820	101	6.1	440	"Thriller"	2005	1	27	"Robert De"	"male"	"John"	"male"
4468	0	NA	"en"	"Iraq for Sale: The War Profiteers"	1.517771	2006-01-01	0	75	8	6	"Documentary"	2006	1	1	"Shereef Akeel"	"male"	"Robert"	"male"
3030	1.1e+07	"nevada small town tractor stranded cult favorite"	"en"	"Tremors"	32.579697	1990-01-19	48572000	96	6.6	864	"Action"	1990	1	19	"Kevin Bacon"	"male"	"Ron"	"male"
1799	4.2e+07	"women sex cuba eroticism lover (female)"	"en"	"Original Sin"	14.831402	2001-08-03	35402320	118	5.8	198	"Drama"	2001	8	3	"Angelina Jolie"	"female"	"Michael"	"male"
2194	2.5e+07	"natural disaster violence mortal danger duringcreditsstinger"	"en"	"Disaster Movie"	16.238961	2008-08-29	14109284	87	3	240	"Comedy"	2008	8	29	"Matt Lanter"	"male"	"Jason"	"male"
2684	1.4e+07	"vampire half vampire"	"en"	"Vampire in Brooklyn"	6.772615	1995-10-27	19800000	100	4.5	111	"Comedy"	1995	10	27	"Eddie Murphy"	"male"	"Wes"	"male"
2258	2e+07	"england inventor ball boy industrial revolution"	"ja"	"Steamboy"	9.129808	2004-07-17	0	126	6.4	102	"Fiction"	2004	7	17	"Anne Suzuki"	"female"	"Katsuhiro"	NA
638	6.5e+07	"romantic comedy online dating woman director"	"en"	"You've Got Mail"	28.540267	1998-12-17	250821495	119	6.3	838	"Comedy"	1998	12	17	"Tom Hanks"	"male"	"Nora"	"female"
4651	250000	"future bisexuality time travel woman director"	"en"	"The Sticky Fingers of Time"	0.130169	1997-06-06	0	90	4.8	3	"Drama"	1997	6	6	"Terumi Matthews"	NA	"Hilary"	"female"
4779	0	"moon philosophy burglar texas dream"	"en"	"Slacker"	3.320622	1990-07-27	0	97	6.4	77	"Comedy"	1990	7	27	"Richard Linklater"	"male"	"Richard"	"male"
3890	0	"false identity beguilement lottery village jackpot"	"en"	"Waking Ned"	5.735912	1998-09-15	0	91	7.4	54	"Comedy"	1998	9	15	"Ian Bannen"	"male"	"Kirk"	"male"
493	6e+07	"individual schizophrenia massachusetts love of one's life intelligence"	"en"	"A Beautiful Mind"	59.248437	2001-12-11	313542341	135	7.7	3009	"Drama"	2001	12	11	"Russell Crowe"	"male"	"Ron"	"male"
0	2.37e+08	"culture clash future space war space colony society"	"en"	"Avatar"	150.437577	2009-12-10	2787965087	162	7.2	11800	"Action"	2009	12	10	"Sam Worthington"	"male"	"James"	"male"
3854	3500000	"dc comics future joker robin based on graphic novel"	"en"	"Batman: The Dark Knight Returns, Part 2"	25.891466	2013-01-18	0	78	7.9	419	"Action"	2013	1	18	"Peter Weller"	"male"	"Jay"	"male"
4773	27000	"salesclerk loser aftercreditsstinger"	"en"	"Clerks"	19.748658	1994-09-13	3151130	92	7.4	755	"Comedy"	1994	9	13	"Brian O'Halloran"	"male"	"Kevin"	"male"
1304	3860000	"martial arts kung fu biography kung fu master"	"zh"	"The Grandmaster"	19.947265	2013-01-08	64076736	130	6.3	273	"Drama"	2013	1	8	"Tony Leung"	"male"	"Wong"	"male"
1464	0	NA	"en"	"Black Water Transit"	0.126738	2009-05-13	0	100	0	0	"Drama"	2009	5	13	"Laurence Fishburne"	"male"	"Tony"	"male"
2880	1.2e+07	"depression suicide attempt medicine new love drug addiction"	"en"	"Charlie Bartlett"	9.779444	2008-02-22	0	97	6.5	225	"Drama"	2008	2	22	"Anton Yelchin"	"male"	"Jon"	"male"
59	2e+08	"civilization natural disaster end of the world disaster apocalypse"	"en"	"2012"	45.274225	2009-10-10	769653595	158	5.6	4903	"Action"	2009	10	10	"John Cusack"	"male"	"Roland"	"male"
3102	0	"prison biography reporter interrogation iran"	"en"	"Rosewater"	5.75555	2014-11-07	0	103	6.5	98	"Drama"	2014	11	7	"Gael Garc\u00eda"	"male"	"Jon"	"male"
2305	0	"based on novel jewish life ohio 1950s"	"en"	"Indignation"	5.625989	2016-07-29	0	110	6.8	69	"Drama"	2016	7	29	"Logan Lerman"	"male"	"James"	"male"
896	5.1e+07	"peasant farm cow cojote family"	"en"	"Barnyard"	10.430832	2006-08-04	72779000	90	5.3	225	"Comedy"	2006	8	4	"Courteney Cox"	"female"	"Steve"	"male"
26	2.5e+08	"civil war war marvel comic sequel superhero"	"en"	"Captain America: Civil War"	198.372395	2016-04-27	1153304495	147	7.1	7241	"Action"	2016	4	27	"Chris Evans"	"male"	"Anthony"	"male"
1861	2.5e+07	"virgin nudity college costume yoga"	"en"	"The House Bunny"	25.838073	2008-08-22	70442940	97	5.6	529	"Comedy"	2008	8	22	"Anna Faris"	"female"	"Fred"	"male"
2542	0	"price of fame tina turner black woman cameo appearance by real life subject african american music"	"en"	"What's Love Got to Do with It"	7.921311	1993-06-09	0	118	6.9	72	"Drama"	1993	6	9	"Angela Bassett"	"female"	"Brian"	"male"
219	1.2e+08	"robbery secret identity secret agent"	"en"	"Charlie's Angels: Full Throttle"	33.616115	2003-06-27	259175788	106	5.2	914	"Comedy"	2003	6	27	"Cameron Diaz"	"male"	"McG"	NA
4630	0	NA	"en"	"Compliance"	8.942203	2012-08-23	319285	90	6.3	221	"Drama"	2012	8	23	"Ann Dowd"	"female"	"Craig"	"male"
1180	4e+07	"overweight beauty hypnosis overweight man overweight woman"	"en"	"Shallow Hal"	29.854773	2001-11-01	141069860	114	5.7	731	"Comedy"	2001	11	1	"Gwyneth Paltrow"	"female"	"Bobby"	"male"
4758	4e+06	"hacker supernatural powers road trip independent film superpower"	"en"	"The Signal"	27.662696	2014-03-15	600896	95	5.8	631	"Thriller"	2014	3	15	"Brenton Thwaites"	"male"	"William"	"male"
1945	13500000	"painting auctioneer confidence game fine art honey pot"	"en"	"The Best Offer"	30.058263	2013-01-01	19255873	124	7.7	704	"Drama"	2013	1	1	"Geoffrey Rush"	"male"	"Giuseppe"	"male"
1698	3e+07	"brother brother relationship baby home pregnancy and birth sequel"	"en"	"The Rugrats Movie"	7.981116	1998-11-20	100491683	79	5.7	147	"Family"	1998	11	20	"Whoopi Goldberg"	NA	"Norton"	"male"
4314	1200000	NA	"en"	"Crowsnest"	0.057564	2012-01-01	0	84	4.8	12	NA	2012	1	1	NA	NA	NA	NA
